2026-05-22 15:27:15 0 [Note] Starting MariaDB 10.11.8-MariaDB source revision 3a069644682e336e445039e48baae9693f9a08ee as process 5520
2026-05-22 15:27:15 0 [Note] InnoDB: The first data file './ibdata1' did not exist. A new tablespace will be created!
2026-05-22 15:27:15 0 [Note] InnoDB: Compressed tables use zlib 1.3.1
2026-05-22 15:27:15 0 [Note] InnoDB: Number of transaction pools: 1
2026-05-22 15:27:15 0 [Note] InnoDB: Using crc32 + pclmulqdq instructions
2026-05-22 15:27:15 0 [Note] InnoDB: Initializing buffer pool, total size = 20.000MiB, chunk size = 1.000MiB
2026-05-22 15:27:15 0 [Note] InnoDB: Completed initialization of buffer pool
2026-05-22 15:27:15 0 [Note] InnoDB: Setting file './ibdata1' size to 12.000MiB. Physically writing the file full; Please wait ...
2026-05-22 15:27:15 0 [Note] InnoDB: File './ibdata1' size is now 12.000MiB.
2026-05-22 15:27:15 0 [Note] InnoDB: File system buffers for log disabled (block size=4096 bytes)
2026-05-22 15:27:15 0 [Note] InnoDB: Doublewrite buffer not found: creating new
2026-05-22 15:27:15 0 [Note] InnoDB: 128 rollback segments are active.
2026-05-22 15:27:15 0 [Note] InnoDB: Setting file './ibtmp1' size to 12.000MiB. Physically writing the file full; Please wait ...
2026-05-22 15:27:15 0 [Note] InnoDB: File './ibtmp1' size is now 12.000MiB.
2026-05-22 15:27:15 0 [Note] InnoDB: log sequence number 0; transaction id 3
2026-05-22 15:27:15 0 [Note] Plugin 'FEEDBACK' is disabled.
2026-05-22 15:27:15 0 [Note] mysqld.exe: SSPI: using principal name 'localhost', mech 'Negotiate'
2026-05-22 15:28:47 0 [Note] Starting MariaDB 10.11.8-MariaDB source revision 3a069644682e336e445039e48baae9693f9a08ee as process 1580
2026-05-22 15:28:47 0 [Note] InnoDB: Compressed tables use zlib 1.3.1
2026-05-22 15:28:47 0 [Note] InnoDB: Number of transaction pools: 1
2026-05-22 15:28:47 0 [Note] InnoDB: Using crc32 + pclmulqdq instructions
2026-05-22 15:28:47 0 [Note] InnoDB: Initializing buffer pool, total size = 128.000MiB, chunk size = 2.000MiB
2026-05-22 15:28:47 0 [Note] InnoDB: Completed initialization of buffer pool
2026-05-22 15:28:47 0 [Note] InnoDB: File system buffers for log disabled (block size=4096 bytes)
2026-05-22 15:28:47 0 [Note] InnoDB: End of log at LSN=46996
2026-05-22 15:28:47 0 [Note] InnoDB: 128 rollback segments are active.
2026-05-22 15:28:47 0 [Note] InnoDB: Setting file './ibtmp1' size to 12.000MiB. Physically writing the file full; Please wait ...
2026-05-22 15:28:47 0 [Note] InnoDB: File './ibtmp1' size is now 12.000MiB.
2026-05-22 15:28:48 0 [Note] InnoDB: log sequence number 46996; transaction id 14
2026-05-22 15:28:48 0 [Note] InnoDB: Loading buffer pool(s) from C:\Users\YK\Desktop\winphp\bin\mysql\data\ib_buffer_pool
2026-05-22 15:28:48 0 [Note] Plugin 'FEEDBACK' is disabled.
2026-05-22 15:28:48 0 [Note] mysqld.exe: SSPI: using principal name 'localhost', mech 'Negotiate'
2026-05-22 15:28:48 0 [Note] InnoDB: Buffer pool(s) load completed at 260522 15:28:48
2026-05-22 15:28:48 0 [Note] Server socket created on IP: '127.0.0.1'.
2026-05-22 15:28:48 0 [Note] C:\Users\YK\Desktop\winphp\bin\mysql\bin\mysqld.exe: ready for connections.
Version: '10.11.8-MariaDB'  socket: ''  port: 3306  mariadb.org binary distribution
2026-05-22 15:28:50 3 [Warning] Aborted connection 3 to db: 'unconnected' user: 'unauthenticated' host: 'localhost' (Got an error reading communication packets)
2026-05-22 15:28:50 3 [Warning] Aborted connection 3 to db: 'unconnected' user: 'unauthenticated' host: 'localhost' (This connection closed normally without authentication)
2026-05-22 15:28:50 4 [Warning] Aborted connection 4 to db: 'unconnected' user: 'unauthenticated' host: 'localhost' (Got an error reading communication packets)
2026-05-22 15:28:50 4 [Warning] Aborted connection 4 to db: 'unconnected' user: 'unauthenticated' host: 'localhost' (This connection closed normally without authentication)
2026-05-22 15:28:51 5 [Warning] Aborted connection 5 to db: 'unconnected' user: 'unauthenticated' host: 'localhost' (Got an error reading communication packets)
2026-05-22 15:28:51 5 [Warning] Aborted connection 5 to db: 'unconnected' user: 'unauthenticated' host: 'localhost' (This connection closed normally without authentication)
2026-05-22 15:28:55 6 [Warning] Aborted connection 6 to db: 'unconnected' user: 'unauthenticated' host: 'localhost' (Got an error reading communication packets)
2026-05-22 15:28:55 6 [Warning] Aborted connection 6 to db: 'unconnected' user: 'unauthenticated' host: 'localhost' (This connection closed normally without authentication)
2026-05-22 15:28:57 7 [Warning] Aborted connection 7 to db: 'unconnected' user: 'unauthenticated' host: 'localhost' (Got an error reading communication packets)
2026-05-22 15:28:57 7 [Warning] Aborted connection 7 to db: 'unconnected' user: 'unauthenticated' host: 'localhost' (This connection closed normally without authentication)
2026-05-22 15:29:03 8 [Warning] Aborted connection 8 to db: 'unconnected' user: 'unauthenticated' host: 'localhost' (Got an error reading communication packets)
2026-05-22 15:29:03 8 [Warning] Aborted connection 8 to db: 'unconnected' user: 'unauthenticated' host: 'localhost' (This connection closed normally without authentication)
2026-05-22 15:29:03 9 [Warning] Aborted connection 9 to db: 'unconnected' user: 'unauthenticated' host: 'localhost' (Got an error reading communication packets)
2026-05-22 15:29:03 9 [Warning] Aborted connection 9 to db: 'unconnected' user: 'unauthenticated' host: 'localhost' (This connection closed normally without authentication)
2026-05-22 15:29:06 10 [Warning] Aborted connection 10 to db: 'unconnected' user: 'unauthenticated' host: 'localhost' (Got an error reading communication packets)
2026-05-22 15:29:06 10 [Warning] Aborted connection 10 to db: 'unconnected' user: 'unauthenticated' host: 'localhost' (This connection closed normally without authentication)
2026-05-22 15:29:06 11 [Warning] Aborted connection 11 to db: 'unconnected' user: 'unauthenticated' host: 'localhost' (Got an error reading communication packets)
2026-05-22 15:29:06 11 [Warning] Aborted connection 11 to db: 'unconnected' user: 'unauthenticated' host: 'localhost' (This connection closed normally without authentication)
2026-05-22 15:29:07 12 [Warning] Aborted connection 12 to db: 'unconnected' user: 'unauthenticated' host: 'localhost' (Got an error reading communication packets)
2026-05-22 15:29:07 12 [Warning] Aborted connection 12 to db: 'unconnected' user: 'unauthenticated' host: 'localhost' (This connection closed normally without authentication)
2026-05-22 15:29:11 13 [Warning] Aborted connection 13 to db: 'unconnected' user: 'unauthenticated' host: 'localhost' (Got an error reading communication packets)
2026-05-22 15:29:11 13 [Warning] Aborted connection 13 to db: 'unconnected' user: 'unauthenticated' host: 'localhost' (This connection closed normally without authentication)
2026-05-22 15:29:15 14 [Warning] Aborted connection 14 to db: 'unconnected' user: 'unauthenticated' host: 'localhost' (Got an error reading communication packets)
2026-05-22 15:29:15 14 [Warning] Aborted connection 14 to db: 'unconnected' user: 'unauthenticated' host: 'localhost' (This connection closed normally without authentication)
2026-05-22 15:29:19 15 [Warning] Aborted connection 15 to db: 'unconnected' user: 'unauthenticated' host: 'localhost' (Got an error reading communication packets)
2026-05-22 15:29:19 15 [Warning] Aborted connection 15 to db: 'unconnected' user: 'unauthenticated' host: 'localhost' (This connection closed normally without authentication)
2026-05-22 15:29:23 16 [Warning] Aborted connection 16 to db: 'unconnected' user: 'unauthenticated' host: 'localhost' (Got an error reading communication packets)
2026-05-22 15:29:23 16 [Warning] Aborted connection 16 to db: 'unconnected' user: 'unauthenticated' host: 'localhost' (This connection closed normally without authentication)
2026-05-22 15:29:27 17 [Warning] Aborted connection 17 to db: 'unconnected' user: 'unauthenticated' host: 'localhost' (Got an error reading communication packets)
2026-05-22 15:29:27 17 [Warning] Aborted connection 17 to db: 'unconnected' user: 'unauthenticated' host: 'localhost' (This connection closed normally without authentication)
2026-05-22 15:29:31 18 [Warning] Aborted connection 18 to db: 'unconnected' user: 'unauthenticated' host: 'localhost' (Got an error reading communication packets)
2026-05-22 15:29:31 18 [Warning] Aborted connection 18 to db: 'unconnected' user: 'unauthenticated' host: 'localhost' (This connection closed normally without authentication)
2026-05-22 15:29:35 19 [Warning] Aborted connection 19 to db: 'unconnected' user: 'unauthenticated' host: 'localhost' (Got an error reading communication packets)
2026-05-22 15:29:35 19 [Warning] Aborted connection 19 to db: 'unconnected' user: 'unauthenticated' host: 'localhost' (This connection closed normally without authentication)
2026-05-22 15:29:39 20 [Warning] Aborted connection 20 to db: 'unconnected' user: 'unauthenticated' host: 'localhost' (Got an error reading communication packets)
2026-05-22 15:29:39 20 [Warning] Aborted connection 20 to db: 'unconnected' user: 'unauthenticated' host: 'localhost' (This connection closed normally without authentication)
2026-05-22 15:29:43 21 [Warning] Aborted connection 21 to db: 'unconnected' user: 'unauthenticated' host: 'localhost' (Got an error reading communication packets)
2026-05-22 15:29:43 21 [Warning] Aborted connection 21 to db: 'unconnected' user: 'unauthenticated' host: 'localhost' (This connection closed normally without authentication)
2026-05-22 15:29:47 22 [Warning] Aborted connection 22 to db: 'unconnected' user: 'unauthenticated' host: 'localhost' (Got an error reading communication packets)
2026-05-22 15:29:47 22 [Warning] Aborted connection 22 to db: 'unconnected' user: 'unauthenticated' host: 'localhost' (This connection closed normally without authentication)
2026-05-22 15:29:51 23 [Warning] Aborted connection 23 to db: 'unconnected' user: 'unauthenticated' host: 'localhost' (Got an error reading communication packets)
2026-05-22 15:29:51 23 [Warning] Aborted connection 23 to db: 'unconnected' user: 'unauthenticated' host: 'localhost' (This connection closed normally without authentication)
2026-05-22 15:29:55 24 [Warning] Aborted connection 24 to db: 'unconnected' user: 'unauthenticated' host: 'localhost' (Got an error reading communication packets)
2026-05-22 15:29:55 24 [Warning] Aborted connection 24 to db: 'unconnected' user: 'unauthenticated' host: 'localhost' (This connection closed normally without authentication)
2026-05-22 15:29:55 25 [Warning] Aborted connection 25 to db: 'unconnected' user: 'unauthenticated' host: 'localhost' (Got an error reading communication packets)
2026-05-22 15:29:55 25 [Warning] Aborted connection 25 to db: 'unconnected' user: 'unauthenticated' host: 'localhost' (This connection closed normally without authentication)
2026-05-22 15:29:56 26 [Warning] Aborted connection 26 to db: 'unconnected' user: 'unauthenticated' host: 'localhost' (Got an error reading communication packets)
2026-05-22 15:29:56 26 [Warning] Aborted connection 26 to db: 'unconnected' user: 'unauthenticated' host: 'localhost' (This connection closed normally without authentication)
2026-05-22 15:29:59 27 [Warning] Aborted connection 27 to db: 'unconnected' user: 'unauthenticated' host: 'localhost' (Got an error reading communication packets)
2026-05-22 15:29:59 27 [Warning] Aborted connection 27 to db: 'unconnected' user: 'unauthenticated' host: 'localhost' (This connection closed normally without authentication)
2026-05-22 15:30:03 28 [Warning] Aborted connection 28 to db: 'unconnected' user: 'unauthenticated' host: 'localhost' (Got an error reading communication packets)
2026-05-22 15:30:03 28 [Warning] Aborted connection 28 to db: 'unconnected' user: 'unauthenticated' host: 'localhost' (This connection closed normally without authentication)
2026-05-22 15:30:08 29 [Warning] Aborted connection 29 to db: 'unconnected' user: 'unauthenticated' host: 'localhost' (Got an error reading communication packets)
2026-05-22 15:30:08 29 [Warning] Aborted connection 29 to db: 'unconnected' user: 'unauthenticated' host: 'localhost' (This connection closed normally without authentication)
2026-05-22 15:30:19 30 [Warning] Aborted connection 30 to db: 'unconnected' user: 'unauthenticated' host: 'localhost' (Got an error reading communication packets)
2026-05-22 15:30:19 30 [Warning] Aborted connection 30 to db: 'unconnected' user: 'unauthenticated' host: 'localhost' (This connection closed normally without authentication)
2026-05-22 15:30:20 31 [Warning] Aborted connection 31 to db: 'unconnected' user: 'unauthenticated' host: 'localhost' (Got an error reading communication packets)
2026-05-22 15:30:20 31 [Warning] Aborted connection 31 to db: 'unconnected' user: 'unauthenticated' host: 'localhost' (This connection closed normally without authentication)
2026-05-22 15:30:25 32 [Warning] Aborted connection 32 to db: 'unconnected' user: 'unauthenticated' host: 'localhost' (Got an error reading communication packets)
2026-05-22 15:30:25 32 [Warning] Aborted connection 32 to db: 'unconnected' user: 'unauthenticated' host: 'localhost' (This connection closed normally without authentication)
2026-05-22 15:30:27 33 [Warning] Aborted connection 33 to db: 'unconnected' user: 'unauthenticated' host: 'localhost' (Got an error reading communication packets)
2026-05-22 15:30:27 33 [Warning] Aborted connection 33 to db: 'unconnected' user: 'unauthenticated' host: 'localhost' (This connection closed normally without authentication)
2026-05-22 15:30:48 34 [Warning] Aborted connection 34 to db: 'unconnected' user: 'unauthenticated' host: 'localhost' (Got an error reading communication packets)
2026-05-22 15:30:48 34 [Warning] Aborted connection 34 to db: 'unconnected' user: 'unauthenticated' host: 'localhost' (This connection closed normally without authentication)
2026-05-22 15:30:49 35 [Warning] Aborted connection 35 to db: 'unconnected' user: 'unauthenticated' host: 'localhost' (Got an error reading communication packets)
2026-05-22 15:30:49 35 [Warning] Aborted connection 35 to db: 'unconnected' user: 'unauthenticated' host: 'localhost' (This connection closed normally without authentication)
2026-05-22 15:30:49 36 [Warning] Aborted connection 36 to db: 'unconnected' user: 'unauthenticated' host: 'localhost' (Got an error reading communication packets)
2026-05-22 15:30:49 36 [Warning] Aborted connection 36 to db: 'unconnected' user: 'unauthenticated' host: 'localhost' (This connection closed normally without authentication)
2026-05-22 15:30:50 37 [Warning] Aborted connection 37 to db: 'unconnected' user: 'unauthenticated' host: 'localhost' (Got an error reading communication packets)
2026-05-22 15:30:50 37 [Warning] Aborted connection 37 to db: 'unconnected' user: 'unauthenticated' host: 'localhost' (This connection closed normally without authentication)
2026-05-22 15:30:50 38 [Warning] Aborted connection 38 to db: 'unconnected' user: 'unauthenticated' host: 'localhost' (Got an error reading communication packets)
2026-05-22 15:30:50 38 [Warning] Aborted connection 38 to db: 'unconnected' user: 'unauthenticated' host: 'localhost' (This connection closed normally without authentication)
2026-05-22 15:30:50 39 [Warning] Aborted connection 39 to db: 'unconnected' user: 'unauthenticated' host: 'localhost' (Got an error reading communication packets)
2026-05-22 15:30:50 39 [Warning] Aborted connection 39 to db: 'unconnected' user: 'unauthenticated' host: 'localhost' (This connection closed normally without authentication)
2026-05-22 15:30:51 40 [Warning] Aborted connection 40 to db: 'unconnected' user: 'unauthenticated' host: 'localhost' (Got an error reading communication packets)
2026-05-22 15:30:51 40 [Warning] Aborted connection 40 to db: 'unconnected' user: 'unauthenticated' host: 'localhost' (This connection closed normally without authentication)
2026-05-22 15:30:55 41 [Warning] Aborted connection 41 to db: 'unconnected' user: 'unauthenticated' host: 'localhost' (Got an error reading communication packets)
2026-05-22 15:30:55 41 [Warning] Aborted connection 41 to db: 'unconnected' user: 'unauthenticated' host: 'localhost' (This connection closed normally without authentication)
2026-05-22 15:30:59 42 [Warning] Aborted connection 42 to db: 'unconnected' user: 'unauthenticated' host: 'localhost' (Got an error reading communication packets)
2026-05-22 15:30:59 42 [Warning] Aborted connection 42 to db: 'unconnected' user: 'unauthenticated' host: 'localhost' (This connection closed normally without authentication)
2026-05-22 15:31:02 43 [Warning] Aborted connection 43 to db: 'unconnected' user: 'unauthenticated' host: 'localhost' (Got an error reading communication packets)
2026-05-22 15:31:02 43 [Warning] Aborted connection 43 to db: 'unconnected' user: 'unauthenticated' host: 'localhost' (This connection closed normally without authentication)
2026-05-22 15:31:03 46 [Warning] Aborted connection 46 to db: 'unconnected' user: 'unauthenticated' host: 'localhost' (Got an error reading communication packets)
2026-05-22 15:31:03 46 [Warning] Aborted connection 46 to db: 'unconnected' user: 'unauthenticated' host: 'localhost' (This connection closed normally without authentication)
2026-05-22 15:31:07 57 [Warning] Aborted connection 57 to db: 'unconnected' user: 'unauthenticated' host: 'localhost' (Got an error reading communication packets)
2026-05-22 15:31:07 57 [Warning] Aborted connection 57 to db: 'unconnected' user: 'unauthenticated' host: 'localhost' (This connection closed normally without authentication)
2026-05-22 15:31:11 58 [Warning] Aborted connection 58 to db: 'unconnected' user: 'unauthenticated' host: 'localhost' (Got an error reading communication packets)
2026-05-22 15:31:11 58 [Warning] Aborted connection 58 to db: 'unconnected' user: 'unauthenticated' host: 'localhost' (This connection closed normally without authentication)
2026-05-22 15:31:13 59 [Warning] Aborted connection 59 to db: 'unconnected' user: 'unauthenticated' host: 'localhost' (Got an error reading communication packets)
2026-05-22 15:31:13 59 [Warning] Aborted connection 59 to db: 'unconnected' user: 'unauthenticated' host: 'localhost' (This connection closed normally without authentication)
2026-05-22 15:31:15 60 [Warning] Aborted connection 60 to db: 'unconnected' user: 'unauthenticated' host: 'localhost' (Got an error reading communication packets)
2026-05-22 15:31:15 60 [Warning] Aborted connection 60 to db: 'unconnected' user: 'unauthenticated' host: 'localhost' (This connection closed normally without authentication)
2026-05-22 15:31:15 0 [Note] C:\Users\YK\Desktop\winphp\bin\mysql\bin\mysqld.exe (initiated by: root[root] @ localhost [127.0.0.1]): Normal shutdown
2026-05-22 15:31:15 0 [Note] InnoDB: FTS optimize thread exiting.
2026-05-22 15:31:15 0 [Note] InnoDB: Starting shutdown...
2026-05-22 15:31:15 0 [Note] InnoDB: Dumping buffer pool(s) to C:\Users\YK\Desktop\winphp\bin\mysql\data\ib_buffer_pool
2026-05-22 15:31:15 0 [Note] InnoDB: Buffer pool(s) dump completed at 260522 15:31:15
2026-05-22 15:31:15 0 [Note] InnoDB: Removed temporary tablespace data file: "./ibtmp1"
2026-05-22 15:31:15 0 [Note] InnoDB: Shutdown completed; log sequence number 46996; transaction id 15
2026-05-22 15:31:15 0 [Note] C:\Users\YK\Desktop\winphp\bin\mysql\bin\mysqld.exe: Shutdown complete

2026-05-22 15:45:46 0 [Note] Starting MariaDB 10.11.8-MariaDB source revision 3a069644682e336e445039e48baae9693f9a08ee as process 8260
2026-05-22 15:45:46 0 [Note] InnoDB: Compressed tables use zlib 1.3.1
2026-05-22 15:45:46 0 [Note] InnoDB: Number of transaction pools: 1
2026-05-22 15:45:46 0 [Note] InnoDB: Using crc32 + pclmulqdq instructions
2026-05-22 15:45:46 0 [Note] InnoDB: Initializing buffer pool, total size = 128.000MiB, chunk size = 2.000MiB
2026-05-22 15:45:46 0 [Note] InnoDB: Completed initialization of buffer pool
2026-05-22 15:45:46 0 [Note] InnoDB: File system buffers for log disabled (block size=4096 bytes)
2026-05-22 15:45:46 0 [Note] InnoDB: End of log at LSN=46996
2026-05-22 15:45:46 0 [Note] InnoDB: 128 rollback segments are active.
2026-05-22 15:45:46 0 [Note] InnoDB: Setting file './ibtmp1' size to 12.000MiB. Physically writing the file full; Please wait ...
2026-05-22 15:45:46 0 [Note] InnoDB: File './ibtmp1' size is now 12.000MiB.
2026-05-22 15:45:46 0 [Note] InnoDB: log sequence number 46996; transaction id 14
2026-05-22 15:45:46 0 [Note] Plugin 'FEEDBACK' is disabled.
2026-05-22 15:45:46 0 [Note] InnoDB: Loading buffer pool(s) from C:\Users\YK\Desktop\winphp\bin\mysql\data\ib_buffer_pool
2026-05-22 15:45:46 0 [Note] mysqld.exe: SSPI: using principal name 'localhost', mech 'Negotiate'
2026-05-22 15:45:46 0 [Note] InnoDB: Buffer pool(s) load completed at 260522 15:45:46
2026-05-22 15:45:46 0 [Note] Server socket created on IP: '127.0.0.1'.
2026-05-22 15:45:46 0 [Note] C:\Users\YK\Desktop\winphp\bin\mysql\bin\mysqld.exe: ready for connections.
Version: '10.11.8-MariaDB'  socket: ''  port: 3306  mariadb.org binary distribution
2026-05-22 15:45:46 3 [Warning] Aborted connection 3 to db: 'unconnected' user: 'unauthenticated' host: 'localhost' (Got an error reading communication packets)
2026-05-22 15:45:46 3 [Warning] Aborted connection 3 to db: 'unconnected' user: 'unauthenticated' host: 'localhost' (This connection closed normally without authentication)
2026-05-22 15:45:47 4 [Warning] Aborted connection 4 to db: 'unconnected' user: 'unauthenticated' host: 'localhost' (Got an error reading communication packets)
2026-05-22 15:45:47 4 [Warning] Aborted connection 4 to db: 'unconnected' user: 'unauthenticated' host: 'localhost' (This connection closed normally without authentication)
2026-05-22 15:45:47 5 [Warning] Aborted connection 5 to db: 'unconnected' user: 'unauthenticated' host: 'localhost' (Got an error reading communication packets)
2026-05-22 15:45:47 5 [Warning] Aborted connection 5 to db: 'unconnected' user: 'unauthenticated' host: 'localhost' (This connection closed normally without authentication)
2026-05-22 15:45:48 6 [Warning] Aborted connection 6 to db: 'unconnected' user: 'unauthenticated' host: 'localhost' (Got an error reading communication packets)
2026-05-22 15:45:48 6 [Warning] Aborted connection 6 to db: 'unconnected' user: 'unauthenticated' host: 'localhost' (This connection closed normally without authentication)
2026-05-22 15:45:49 7 [Warning] Aborted connection 7 to db: 'unconnected' user: 'unauthenticated' host: 'localhost' (Got an error reading communication packets)
2026-05-22 15:45:49 7 [Warning] Aborted connection 7 to db: 'unconnected' user: 'unauthenticated' host: 'localhost' (This connection closed normally without authentication)
2026-05-22 15:45:51 8 [Warning] Aborted connection 8 to db: 'unconnected' user: 'unauthenticated' host: 'localhost' (Got an error reading communication packets)
2026-05-22 15:45:51 8 [Warning] Aborted connection 8 to db: 'unconnected' user: 'unauthenticated' host: 'localhost' (This connection closed normally without authentication)
2026-05-22 15:45:52 11 [Warning] Aborted connection 11 to db: 'unconnected' user: 'unauthenticated' host: 'localhost' (Got an error reading communication packets)
2026-05-22 15:45:52 11 [Warning] Aborted connection 11 to db: 'unconnected' user: 'unauthenticated' host: 'localhost' (This connection closed normally without authentication)
2026-05-22 15:45:56 16 [Warning] Aborted connection 16 to db: 'unconnected' user: 'unauthenticated' host: 'localhost' (Got an error reading communication packets)
2026-05-22 15:45:56 16 [Warning] Aborted connection 16 to db: 'unconnected' user: 'unauthenticated' host: 'localhost' (This connection closed normally without authentication)
2026-05-22 15:45:56 19 [Warning] Aborted connection 19 to db: 'unconnected' user: 'unauthenticated' host: 'localhost' (Got an error reading communication packets)
2026-05-22 15:45:56 19 [Warning] Aborted connection 19 to db: 'unconnected' user: 'unauthenticated' host: 'localhost' (This connection closed normally without authentication)
2026-05-22 15:45:59 24 [Warning] Aborted connection 24 to db: 'unconnected' user: 'unauthenticated' host: 'localhost' (Got an error reading communication packets)
2026-05-22 15:45:59 24 [Warning] Aborted connection 24 to db: 'unconnected' user: 'unauthenticated' host: 'localhost' (This connection closed normally without authentication)
2026-05-22 15:46:00 25 [Warning] Aborted connection 25 to db: 'unconnected' user: 'unauthenticated' host: 'localhost' (Got an error reading communication packets)
2026-05-22 15:46:00 25 [Warning] Aborted connection 25 to db: 'unconnected' user: 'unauthenticated' host: 'localhost' (This connection closed normally without authentication)
2026-05-22 15:46:03 26 [Warning] Aborted connection 26 to db: 'unconnected' user: 'unauthenticated' host: 'localhost' (Got an error reading communication packets)
2026-05-22 15:46:03 27 [Warning] Aborted connection 27 to db: 'unconnected' user: 'unauthenticated' host: 'localhost' (Got an error reading communication packets)
2026-05-22 15:46:03 26 [Warning] Aborted connection 26 to db: 'unconnected' user: 'unauthenticated' host: 'localhost' (This connection closed normally without authentication)
2026-05-22 15:46:03 27 [Warning] Aborted connection 27 to db: 'unconnected' user: 'unauthenticated' host: 'localhost' (This connection closed normally without authentication)
2026-05-22 15:46:08 28 [Warning] Aborted connection 28 to db: 'unconnected' user: 'unauthenticated' host: 'localhost' (Got an error reading communication packets)
2026-05-22 15:46:08 28 [Warning] Aborted connection 28 to db: 'unconnected' user: 'unauthenticated' host: 'localhost' (This connection closed normally without authentication)
2026-05-22 15:46:08 29 [Warning] Aborted connection 29 to db: 'unconnected' user: 'unauthenticated' host: 'localhost' (Got an error reading communication packets)
2026-05-22 15:46:08 29 [Warning] Aborted connection 29 to db: 'unconnected' user: 'unauthenticated' host: 'localhost' (This connection closed normally without authentication)
2026-05-22 15:46:12 30 [Warning] Aborted connection 30 to db: 'unconnected' user: 'unauthenticated' host: 'localhost' (Got an error reading communication packets)
2026-05-22 15:46:12 30 [Warning] Aborted connection 30 to db: 'unconnected' user: 'unauthenticated' host: 'localhost' (This connection closed normally without authentication)
2026-05-22 15:46:12 31 [Warning] Aborted connection 31 to db: 'unconnected' user: 'unauthenticated' host: 'localhost' (Got an error reading communication packets)
2026-05-22 15:46:12 31 [Warning] Aborted connection 31 to db: 'unconnected' user: 'unauthenticated' host: 'localhost' (This connection closed normally without authentication)
2026-05-22 15:46:16 32 [Warning] Aborted connection 32 to db: 'unconnected' user: 'unauthenticated' host: 'localhost' (Got an error reading communication packets)
2026-05-22 15:46:16 32 [Warning] Aborted connection 32 to db: 'unconnected' user: 'unauthenticated' host: 'localhost' (This connection closed normally without authentication)
2026-05-22 15:46:16 33 [Warning] Aborted connection 33 to db: 'unconnected' user: 'unauthenticated' host: 'localhost' (Got an error reading communication packets)
2026-05-22 15:46:16 33 [Warning] Aborted connection 33 to db: 'unconnected' user: 'unauthenticated' host: 'localhost' (This connection closed normally without authentication)
2026-05-22 15:46:20 34 [Warning] Aborted connection 34 to db: 'unconnected' user: 'unauthenticated' host: 'localhost' (Got an error reading communication packets)
2026-05-22 15:46:20 34 [Warning] Aborted connection 34 to db: 'unconnected' user: 'unauthenticated' host: 'localhost' (This connection closed normally without authentication)
2026-05-22 15:46:20 35 [Warning] Aborted connection 35 to db: 'unconnected' user: 'unauthenticated' host: 'localhost' (Got an error reading communication packets)
2026-05-22 15:46:20 35 [Warning] Aborted connection 35 to db: 'unconnected' user: 'unauthenticated' host: 'localhost' (This connection closed normally without authentication)
2026-05-22 15:46:24 36 [Warning] Aborted connection 36 to db: 'unconnected' user: 'unauthenticated' host: 'localhost' (Got an error reading communication packets)
2026-05-22 15:46:24 36 [Warning] Aborted connection 36 to db: 'unconnected' user: 'unauthenticated' host: 'localhost' (This connection closed normally without authentication)
2026-05-22 15:46:24 37 [Warning] Aborted connection 37 to db: 'unconnected' user: 'unauthenticated' host: 'localhost' (Got an error reading communication packets)
2026-05-22 15:46:24 37 [Warning] Aborted connection 37 to db: 'unconnected' user: 'unauthenticated' host: 'localhost' (This connection closed normally without authentication)
2026-05-22 15:46:28 38 [Warning] Aborted connection 38 to db: 'unconnected' user: 'unauthenticated' host: 'localhost' (Got an error reading communication packets)
2026-05-22 15:46:28 38 [Warning] Aborted connection 38 to db: 'unconnected' user: 'unauthenticated' host: 'localhost' (This connection closed normally without authentication)
2026-05-22 15:46:28 39 [Warning] Aborted connection 39 to db: 'unconnected' user: 'unauthenticated' host: 'localhost' (Got an error reading communication packets)
2026-05-22 15:46:28 39 [Warning] Aborted connection 39 to db: 'unconnected' user: 'unauthenticated' host: 'localhost' (This connection closed normally without authentication)
2026-05-22 15:46:32 40 [Warning] Aborted connection 40 to db: 'unconnected' user: 'unauthenticated' host: 'localhost' (Got an error reading communication packets)
2026-05-22 15:46:32 40 [Warning] Aborted connection 40 to db: 'unconnected' user: 'unauthenticated' host: 'localhost' (This connection closed normally without authentication)
2026-05-22 15:46:32 41 [Warning] Aborted connection 41 to db: 'unconnected' user: 'unauthenticated' host: 'localhost' (Got an error reading communication packets)
2026-05-22 15:46:32 41 [Warning] Aborted connection 41 to db: 'unconnected' user: 'unauthenticated' host: 'localhost' (This connection closed normally without authentication)
2026-05-22 15:46:36 42 [Warning] Aborted connection 42 to db: 'unconnected' user: 'unauthenticated' host: 'localhost' (Got an error reading communication packets)
2026-05-22 15:46:36 42 [Warning] Aborted connection 42 to db: 'unconnected' user: 'unauthenticated' host: 'localhost' (This connection closed normally without authentication)
2026-05-22 15:46:36 43 [Warning] Aborted connection 43 to db: 'unconnected' user: 'unauthenticated' host: 'localhost' (Got an error reading communication packets)
2026-05-22 15:46:36 43 [Warning] Aborted connection 43 to db: 'unconnected' user: 'unauthenticated' host: 'localhost' (This connection closed normally without authentication)
2026-05-22 15:46:40 44 [Warning] Aborted connection 44 to db: 'unconnected' user: 'unauthenticated' host: 'localhost' (Got an error reading communication packets)
2026-05-22 15:46:40 44 [Warning] Aborted connection 44 to db: 'unconnected' user: 'unauthenticated' host: 'localhost' (This connection closed normally without authentication)
2026-05-22 15:46:40 45 [Warning] Aborted connection 45 to db: 'unconnected' user: 'unauthenticated' host: 'localhost' (Got an error reading communication packets)
2026-05-22 15:46:40 45 [Warning] Aborted connection 45 to db: 'unconnected' user: 'unauthenticated' host: 'localhost' (This connection closed normally without authentication)
2026-05-22 15:46:44 46 [Warning] Aborted connection 46 to db: 'unconnected' user: 'unauthenticated' host: 'localhost' (Got an error reading communication packets)
2026-05-22 15:46:44 46 [Warning] Aborted connection 46 to db: 'unconnected' user: 'unauthenticated' host: 'localhost' (This connection closed normally without authentication)
2026-05-22 15:46:44 47 [Warning] Aborted connection 47 to db: 'unconnected' user: 'unauthenticated' host: 'localhost' (Got an error reading communication packets)
2026-05-22 15:46:44 47 [Warning] Aborted connection 47 to db: 'unconnected' user: 'unauthenticated' host: 'localhost' (This connection closed normally without authentication)
2026-05-22 15:46:48 48 [Warning] Aborted connection 48 to db: 'unconnected' user: 'unauthenticated' host: 'localhost' (Got an error reading communication packets)
2026-05-22 15:46:48 48 [Warning] Aborted connection 48 to db: 'unconnected' user: 'unauthenticated' host: 'localhost' (This connection closed normally without authentication)
2026-05-22 15:46:48 49 [Warning] Aborted connection 49 to db: 'unconnected' user: 'unauthenticated' host: 'localhost' (Got an error reading communication packets)
2026-05-22 15:46:48 49 [Warning] Aborted connection 49 to db: 'unconnected' user: 'unauthenticated' host: 'localhost' (This connection closed normally without authentication)
2026-05-22 15:46:52 50 [Warning] Aborted connection 50 to db: 'unconnected' user: 'unauthenticated' host: 'localhost' (Got an error reading communication packets)
2026-05-22 15:46:52 50 [Warning] Aborted connection 50 to db: 'unconnected' user: 'unauthenticated' host: 'localhost' (This connection closed normally without authentication)
2026-05-22 15:46:52 51 [Warning] Aborted connection 51 to db: 'unconnected' user: 'unauthenticated' host: 'localhost' (Got an error reading communication packets)
2026-05-22 15:46:52 51 [Warning] Aborted connection 51 to db: 'unconnected' user: 'unauthenticated' host: 'localhost' (This connection closed normally without authentication)
2026-05-22 15:46:55 52 [Warning] Aborted connection 52 to db: 'unconnected' user: 'unauthenticated' host: 'localhost' (Got an error reading communication packets)
2026-05-22 15:46:55 52 [Warning] Aborted connection 52 to db: 'unconnected' user: 'unauthenticated' host: 'localhost' (This connection closed normally without authentication)
2026-05-22 15:46:55 53 [Warning] Aborted connection 53 to db: 'unconnected' user: 'unauthenticated' host: 'localhost' (Got an error reading communication packets)
2026-05-22 15:46:55 53 [Warning] Aborted connection 53 to db: 'unconnected' user: 'unauthenticated' host: 'localhost' (This connection closed normally without authentication)
2026-05-22 15:46:56 54 [Warning] Aborted connection 54 to db: 'unconnected' user: 'unauthenticated' host: 'localhost' (Got an error reading communication packets)
2026-05-22 15:46:56 54 [Warning] Aborted connection 54 to db: 'unconnected' user: 'unauthenticated' host: 'localhost' (This connection closed normally without authentication)
2026-05-22 15:46:56 55 [Warning] Aborted connection 55 to db: 'unconnected' user: 'unauthenticated' host: 'localhost' (Got an error reading communication packets)
2026-05-22 15:46:56 55 [Warning] Aborted connection 55 to db: 'unconnected' user: 'unauthenticated' host: 'localhost' (This connection closed normally without authentication)
2026-05-22 15:47:00 56 [Warning] Aborted connection 56 to db: 'unconnected' user: 'unauthenticated' host: 'localhost' (Got an error reading communication packets)
2026-05-22 15:47:00 56 [Warning] Aborted connection 56 to db: 'unconnected' user: 'unauthenticated' host: 'localhost' (This connection closed normally without authentication)
2026-05-22 15:47:00 57 [Warning] Aborted connection 57 to db: 'unconnected' user: 'unauthenticated' host: 'localhost' (Got an error reading communication packets)
2026-05-22 15:47:00 57 [Warning] Aborted connection 57 to db: 'unconnected' user: 'unauthenticated' host: 'localhost' (This connection closed normally without authentication)
2026-05-22 15:47:04 58 [Warning] Aborted connection 58 to db: 'unconnected' user: 'unauthenticated' host: 'localhost' (Got an error reading communication packets)
2026-05-22 15:47:04 58 [Warning] Aborted connection 58 to db: 'unconnected' user: 'unauthenticated' host: 'localhost' (This connection closed normally without authentication)
2026-05-22 15:47:04 59 [Warning] Aborted connection 59 to db: 'unconnected' user: 'unauthenticated' host: 'localhost' (Got an error reading communication packets)
2026-05-22 15:47:04 59 [Warning] Aborted connection 59 to db: 'unconnected' user: 'unauthenticated' host: 'localhost' (This connection closed normally without authentication)
2026-05-22 15:47:09 60 [Warning] Aborted connection 60 to db: 'unconnected' user: 'unauthenticated' host: 'localhost' (Got an error reading communication packets)
2026-05-22 15:47:09 60 [Warning] Aborted connection 60 to db: 'unconnected' user: 'unauthenticated' host: 'localhost' (This connection closed normally without authentication)
2026-05-22 15:47:09 61 [Warning] Aborted connection 61 to db: 'unconnected' user: 'unauthenticated' host: 'localhost' (Got an error reading communication packets)
2026-05-22 15:47:09 61 [Warning] Aborted connection 61 to db: 'unconnected' user: 'unauthenticated' host: 'localhost' (This connection closed normally without authentication)
2026-05-22 15:47:43 62 [Warning] Aborted connection 62 to db: 'unconnected' user: 'unauthenticated' host: 'localhost' (Got an error reading communication packets)
2026-05-22 15:47:43 62 [Warning] Aborted connection 62 to db: 'unconnected' user: 'unauthenticated' host: 'localhost' (This connection closed normally without authentication)
2026-05-22 15:47:43 63 [Warning] Aborted connection 63 to db: 'unconnected' user: 'unauthenticated' host: 'localhost' (Got an error reading communication packets)
2026-05-22 15:47:43 63 [Warning] Aborted connection 63 to db: 'unconnected' user: 'unauthenticated' host: 'localhost' (This connection closed normally without authentication)
2026-05-22 15:47:47 64 [Warning] Aborted connection 64 to db: 'unconnected' user: 'unauthenticated' host: 'localhost' (Got an error reading communication packets)
2026-05-22 15:47:47 64 [Warning] Aborted connection 64 to db: 'unconnected' user: 'unauthenticated' host: 'localhost' (This connection closed normally without authentication)
2026-05-22 15:47:47 65 [Warning] Aborted connection 65 to db: 'unconnected' user: 'unauthenticated' host: 'localhost' (Got an error reading communication packets)
2026-05-22 15:47:47 65 [Warning] Aborted connection 65 to db: 'unconnected' user: 'unauthenticated' host: 'localhost' (This connection closed normally without authentication)
2026-05-22 15:47:51 66 [Warning] Aborted connection 66 to db: 'unconnected' user: 'unauthenticated' host: 'localhost' (Got an error reading communication packets)
2026-05-22 15:47:51 66 [Warning] Aborted connection 66 to db: 'unconnected' user: 'unauthenticated' host: 'localhost' (This connection closed normally without authentication)
2026-05-22 15:47:51 67 [Warning] Aborted connection 67 to db: 'unconnected' user: 'unauthenticated' host: 'localhost' (Got an error reading communication packets)
2026-05-22 15:47:51 67 [Warning] Aborted connection 67 to db: 'unconnected' user: 'unauthenticated' host: 'localhost' (This connection closed normally without authentication)
2026-05-22 15:47:55 68 [Warning] Aborted connection 68 to db: 'unconnected' user: 'unauthenticated' host: 'localhost' (Got an error reading communication packets)
2026-05-22 15:47:55 68 [Warning] Aborted connection 68 to db: 'unconnected' user: 'unauthenticated' host: 'localhost' (This connection closed normally without authentication)
2026-05-22 15:47:55 69 [Warning] Aborted connection 69 to db: 'unconnected' user: 'unauthenticated' host: 'localhost' (Got an error reading communication packets)
2026-05-22 15:47:55 69 [Warning] Aborted connection 69 to db: 'unconnected' user: 'unauthenticated' host: 'localhost' (This connection closed normally without authentication)
2026-05-22 15:47:59 70 [Warning] Aborted connection 70 to db: 'unconnected' user: 'unauthenticated' host: 'localhost' (Got an error reading communication packets)
2026-05-22 15:47:59 70 [Warning] Aborted connection 70 to db: 'unconnected' user: 'unauthenticated' host: 'localhost' (This connection closed normally without authentication)
2026-05-22 15:47:59 71 [Warning] Aborted connection 71 to db: 'unconnected' user: 'unauthenticated' host: 'localhost' (Got an error reading communication packets)
2026-05-22 15:47:59 71 [Warning] Aborted connection 71 to db: 'unconnected' user: 'unauthenticated' host: 'localhost' (This connection closed normally without authentication)
2026-05-22 15:48:03 72 [Warning] Aborted connection 72 to db: 'unconnected' user: 'unauthenticated' host: 'localhost' (Got an error reading communication packets)
2026-05-22 15:48:03 72 [Warning] Aborted connection 72 to db: 'unconnected' user: 'unauthenticated' host: 'localhost' (This connection closed normally without authentication)
2026-05-22 15:48:03 73 [Warning] Aborted connection 73 to db: 'unconnected' user: 'unauthenticated' host: 'localhost' (Got an error reading communication packets)
2026-05-22 15:48:03 73 [Warning] Aborted connection 73 to db: 'unconnected' user: 'unauthenticated' host: 'localhost' (This connection closed normally without authentication)
2026-05-22 15:48:07 74 [Warning] Aborted connection 74 to db: 'unconnected' user: 'unauthenticated' host: 'localhost' (Got an error reading communication packets)
2026-05-22 15:48:07 74 [Warning] Aborted connection 74 to db: 'unconnected' user: 'unauthenticated' host: 'localhost' (This connection closed normally without authentication)
2026-05-22 15:48:07 75 [Warning] Aborted connection 75 to db: 'unconnected' user: 'unauthenticated' host: 'localhost' (Got an error reading communication packets)
2026-05-22 15:48:07 75 [Warning] Aborted connection 75 to db: 'unconnected' user: 'unauthenticated' host: 'localhost' (This connection closed normally without authentication)
2026-05-22 15:48:11 76 [Warning] Aborted connection 76 to db: 'unconnected' user: 'unauthenticated' host: 'localhost' (Got an error reading communication packets)
2026-05-22 15:48:11 76 [Warning] Aborted connection 76 to db: 'unconnected' user: 'unauthenticated' host: 'localhost' (This connection closed normally without authentication)
2026-05-22 15:48:11 77 [Warning] Aborted connection 77 to db: 'unconnected' user: 'unauthenticated' host: 'localhost' (Got an error reading communication packets)
2026-05-22 15:48:11 77 [Warning] Aborted connection 77 to db: 'unconnected' user: 'unauthenticated' host: 'localhost' (This connection closed normally without authentication)
2026-05-22 15:48:15 78 [Warning] Aborted connection 78 to db: 'unconnected' user: 'unauthenticated' host: 'localhost' (Got an error reading communication packets)
2026-05-22 15:48:15 78 [Warning] Aborted connection 78 to db: 'unconnected' user: 'unauthenticated' host: 'localhost' (This connection closed normally without authentication)
2026-05-22 15:48:15 79 [Warning] Aborted connection 79 to db: 'unconnected' user: 'unauthenticated' host: 'localhost' (Got an error reading communication packets)
2026-05-22 15:48:15 79 [Warning] Aborted connection 79 to db: 'unconnected' user: 'unauthenticated' host: 'localhost' (This connection closed normally without authentication)
2026-05-22 15:48:19 80 [Warning] Aborted connection 80 to db: 'unconnected' user: 'unauthenticated' host: 'localhost' (Got an error reading communication packets)
2026-05-22 15:48:19 80 [Warning] Aborted connection 80 to db: 'unconnected' user: 'unauthenticated' host: 'localhost' (This connection closed normally without authentication)
2026-05-22 15:48:19 81 [Warning] Aborted connection 81 to db: 'unconnected' user: 'unauthenticated' host: 'localhost' (Got an error reading communication packets)
2026-05-22 15:48:19 81 [Warning] Aborted connection 81 to db: 'unconnected' user: 'unauthenticated' host: 'localhost' (This connection closed normally without authentication)
2026-05-22 15:48:23 82 [Warning] Aborted connection 82 to db: 'unconnected' user: 'unauthenticated' host: 'localhost' (Got an error reading communication packets)
2026-05-22 15:48:23 82 [Warning] Aborted connection 82 to db: 'unconnected' user: 'unauthenticated' host: 'localhost' (This connection closed normally without authentication)
2026-05-22 15:48:23 83 [Warning] Aborted connection 83 to db: 'unconnected' user: 'unauthenticated' host: 'localhost' (Got an error reading communication packets)
2026-05-22 15:48:23 83 [Warning] Aborted connection 83 to db: 'unconnected' user: 'unauthenticated' host: 'localhost' (This connection closed normally without authentication)
2026-05-22 15:48:28 84 [Warning] Aborted connection 84 to db: 'unconnected' user: 'unauthenticated' host: 'localhost' (Got an error reading communication packets)
2026-05-22 15:48:28 84 [Warning] Aborted connection 84 to db: 'unconnected' user: 'unauthenticated' host: 'localhost' (This connection closed normally without authentication)
2026-05-22 15:48:28 85 [Warning] Aborted connection 85 to db: 'unconnected' user: 'unauthenticated' host: 'localhost' (Got an error reading communication packets)
2026-05-22 15:48:28 85 [Warning] Aborted connection 85 to db: 'unconnected' user: 'unauthenticated' host: 'localhost' (This connection closed normally without authentication)
2026-05-22 15:48:31 86 [Warning] Aborted connection 86 to db: 'unconnected' user: 'unauthenticated' host: 'localhost' (Got an error reading communication packets)
2026-05-22 15:48:31 86 [Warning] Aborted connection 86 to db: 'unconnected' user: 'unauthenticated' host: 'localhost' (This connection closed normally without authentication)
2026-05-22 15:48:31 87 [Warning] Aborted connection 87 to db: 'unconnected' user: 'unauthenticated' host: 'localhost' (Got an error reading communication packets)
2026-05-22 15:48:31 87 [Warning] Aborted connection 87 to db: 'unconnected' user: 'unauthenticated' host: 'localhost' (This connection closed normally without authentication)
2026-05-22 15:48:35 88 [Warning] Aborted connection 88 to db: 'unconnected' user: 'unauthenticated' host: 'localhost' (Got an error reading communication packets)
2026-05-22 15:48:35 88 [Warning] Aborted connection 88 to db: 'unconnected' user: 'unauthenticated' host: 'localhost' (This connection closed normally without authentication)
2026-05-22 15:48:35 89 [Warning] Aborted connection 89 to db: 'unconnected' user: 'unauthenticated' host: 'localhost' (Got an error reading communication packets)
2026-05-22 15:48:35 89 [Warning] Aborted connection 89 to db: 'unconnected' user: 'unauthenticated' host: 'localhost' (This connection closed normally without authentication)
2026-05-22 15:48:39 90 [Warning] Aborted connection 90 to db: 'unconnected' user: 'unauthenticated' host: 'localhost' (Got an error reading communication packets)
2026-05-22 15:48:39 90 [Warning] Aborted connection 90 to db: 'unconnected' user: 'unauthenticated' host: 'localhost' (This connection closed normally without authentication)
2026-05-22 15:48:39 91 [Warning] Aborted connection 91 to db: 'unconnected' user: 'unauthenticated' host: 'localhost' (Got an error reading communication packets)
2026-05-22 15:48:39 91 [Warning] Aborted connection 91 to db: 'unconnected' user: 'unauthenticated' host: 'localhost' (This connection closed normally without authentication)
2026-05-22 15:48:43 92 [Warning] Aborted connection 92 to db: 'unconnected' user: 'unauthenticated' host: 'localhost' (Got an error reading communication packets)
2026-05-22 15:48:43 92 [Warning] Aborted connection 92 to db: 'unconnected' user: 'unauthenticated' host: 'localhost' (This connection closed normally without authentication)
2026-05-22 15:48:43 93 [Warning] Aborted connection 93 to db: 'unconnected' user: 'unauthenticated' host: 'localhost' (Got an error reading communication packets)
2026-05-22 15:48:43 93 [Warning] Aborted connection 93 to db: 'unconnected' user: 'unauthenticated' host: 'localhost' (This connection closed normally without authentication)
2026-05-22 15:48:45 94 [Warning] Aborted connection 94 to db: 'unconnected' user: 'unauthenticated' host: 'localhost' (Got an error reading communication packets)
2026-05-22 15:48:45 94 [Warning] Aborted connection 94 to db: 'unconnected' user: 'unauthenticated' host: 'localhost' (This connection closed normally without authentication)
2026-05-22 15:48:47 97 [Warning] Aborted connection 97 to db: 'unconnected' user: 'unauthenticated' host: 'localhost' (Got an error reading communication packets)
2026-05-22 15:48:47 97 [Warning] Aborted connection 97 to db: 'unconnected' user: 'unauthenticated' host: 'localhost' (This connection closed normally without authentication)
2026-05-22 15:48:49 100 [Warning] Aborted connection 100 to db: 'unconnected' user: 'unauthenticated' host: 'localhost' (Got an error reading communication packets)
2026-05-22 15:48:49 100 [Warning] Aborted connection 100 to db: 'unconnected' user: 'unauthenticated' host: 'localhost' (This connection closed normally without authentication)
2026-05-22 15:48:49 101 [Warning] Aborted connection 101 to db: 'unconnected' user: 'unauthenticated' host: 'localhost' (Got an error reading communication packets)
2026-05-22 15:48:49 101 [Warning] Aborted connection 101 to db: 'unconnected' user: 'unauthenticated' host: 'localhost' (This connection closed normally without authentication)
2026-05-22 15:48:51 108 [Warning] Aborted connection 108 to db: 'unconnected' user: 'unauthenticated' host: 'localhost' (Got an error reading communication packets)
2026-05-22 15:48:51 108 [Warning] Aborted connection 108 to db: 'unconnected' user: 'unauthenticated' host: 'localhost' (This connection closed normally without authentication)
2026-05-22 15:48:52 109 [Warning] Aborted connection 109 to db: 'unconnected' user: 'unauthenticated' host: 'localhost' (Got an error reading communication packets)
2026-05-22 15:48:52 109 [Warning] Aborted connection 109 to db: 'unconnected' user: 'unauthenticated' host: 'localhost' (This connection closed normally without authentication)
2026-05-22 15:48:56 112 [Warning] Aborted connection 112 to db: 'unconnected' user: 'unauthenticated' host: 'localhost' (Got an error reading communication packets)
2026-05-22 15:48:56 112 [Warning] Aborted connection 112 to db: 'unconnected' user: 'unauthenticated' host: 'localhost' (This connection closed normally without authentication)
2026-05-22 15:48:56 113 [Warning] Aborted connection 113 to db: 'unconnected' user: 'unauthenticated' host: 'localhost' (Got an error reading communication packets)
2026-05-22 15:48:56 113 [Warning] Aborted connection 113 to db: 'unconnected' user: 'unauthenticated' host: 'localhost' (This connection closed normally without authentication)
2026-05-22 15:49:00 114 [Warning] Aborted connection 114 to db: 'unconnected' user: 'unauthenticated' host: 'localhost' (Got an error reading communication packets)
2026-05-22 15:49:00 114 [Warning] Aborted connection 114 to db: 'unconnected' user: 'unauthenticated' host: 'localhost' (This connection closed normally without authentication)
2026-05-22 15:49:00 115 [Warning] Aborted connection 115 to db: 'unconnected' user: 'unauthenticated' host: 'localhost' (Got an error reading communication packets)
2026-05-22 15:49:00 115 [Warning] Aborted connection 115 to db: 'unconnected' user: 'unauthenticated' host: 'localhost' (This connection closed normally without authentication)
2026-05-22 15:49:04 116 [Warning] Aborted connection 116 to db: 'unconnected' user: 'unauthenticated' host: 'localhost' (Got an error reading communication packets)
2026-05-22 15:49:04 116 [Warning] Aborted connection 116 to db: 'unconnected' user: 'unauthenticated' host: 'localhost' (This connection closed normally without authentication)
2026-05-22 15:49:04 117 [Warning] Aborted connection 117 to db: 'unconnected' user: 'unauthenticated' host: 'localhost' (Got an error reading communication packets)
2026-05-22 15:49:04 117 [Warning] Aborted connection 117 to db: 'unconnected' user: 'unauthenticated' host: 'localhost' (This connection closed normally without authentication)
2026-05-22 15:49:08 118 [Warning] Aborted connection 118 to db: 'unconnected' user: 'unauthenticated' host: 'localhost' (Got an error reading communication packets)
2026-05-22 15:49:08 118 [Warning] Aborted connection 118 to db: 'unconnected' user: 'unauthenticated' host: 'localhost' (This connection closed normally without authentication)
2026-05-22 15:49:08 119 [Warning] Aborted connection 119 to db: 'unconnected' user: 'unauthenticated' host: 'localhost' (Got an error reading communication packets)
2026-05-22 15:49:08 119 [Warning] Aborted connection 119 to db: 'unconnected' user: 'unauthenticated' host: 'localhost' (This connection closed normally without authentication)
2026-05-22 15:49:09 120 [Warning] Aborted connection 120 to db: 'unconnected' user: 'unauthenticated' host: 'localhost' (Got an error reading communication packets)
2026-05-22 15:49:09 120 [Warning] Aborted connection 120 to db: 'unconnected' user: 'unauthenticated' host: 'localhost' (This connection closed normally without authentication)
2026-05-22 15:49:11 121 [Warning] Aborted connection 121 to db: 'unconnected' user: 'unauthenticated' host: 'localhost' (Got an error reading communication packets)
2026-05-22 15:49:11 121 [Warning] Aborted connection 121 to db: 'unconnected' user: 'unauthenticated' host: 'localhost' (This connection closed normally without authentication)
2026-05-22 15:49:11 122 [Warning] Aborted connection 122 to db: 'unconnected' user: 'unauthenticated' host: 'localhost' (Got an error reading communication packets)
2026-05-22 15:49:11 122 [Warning] Aborted connection 122 to db: 'unconnected' user: 'unauthenticated' host: 'localhost' (This connection closed normally without authentication)
2026-05-22 15:49:11 123 [Warning] Aborted connection 123 to db: 'unconnected' user: 'unauthenticated' host: 'localhost' (Got an error reading communication packets)
2026-05-22 15:49:11 123 [Warning] Aborted connection 123 to db: 'unconnected' user: 'unauthenticated' host: 'localhost' (This connection closed normally without authentication)
2026-05-22 15:49:15 124 [Warning] Aborted connection 124 to db: 'unconnected' user: 'unauthenticated' host: 'localhost' (Got an error reading communication packets)
2026-05-22 15:49:15 124 [Warning] Aborted connection 124 to db: 'unconnected' user: 'unauthenticated' host: 'localhost' (This connection closed normally without authentication)
2026-05-22 15:49:15 125 [Warning] Aborted connection 125 to db: 'unconnected' user: 'unauthenticated' host: 'localhost' (Got an error reading communication packets)
2026-05-22 15:49:15 125 [Warning] Aborted connection 125 to db: 'unconnected' user: 'unauthenticated' host: 'localhost' (This connection closed normally without authentication)
2026-05-22 15:49:19 126 [Warning] Aborted connection 126 to db: 'unconnected' user: 'unauthenticated' host: 'localhost' (Got an error reading communication packets)
2026-05-22 15:49:19 126 [Warning] Aborted connection 126 to db: 'unconnected' user: 'unauthenticated' host: 'localhost' (This connection closed normally without authentication)
2026-05-22 15:49:19 127 [Warning] Aborted connection 127 to db: 'unconnected' user: 'unauthenticated' host: 'localhost' (Got an error reading communication packets)
2026-05-22 15:49:19 127 [Warning] Aborted connection 127 to db: 'unconnected' user: 'unauthenticated' host: 'localhost' (This connection closed normally without authentication)
2026-05-22 15:49:19 128 [Warning] Aborted connection 128 to db: 'unconnected' user: 'unauthenticated' host: 'localhost' (Got an error reading communication packets)
2026-05-22 15:49:19 128 [Warning] Aborted connection 128 to db: 'unconnected' user: 'unauthenticated' host: 'localhost' (This connection closed normally without authentication)
2026-05-22 15:49:19 129 [Warning] Aborted connection 129 to db: 'unconnected' user: 'unauthenticated' host: 'localhost' (Got an error reading communication packets)
2026-05-22 15:49:19 129 [Warning] Aborted connection 129 to db: 'unconnected' user: 'unauthenticated' host: 'localhost' (This connection closed normally without authentication)
2026-05-22 15:49:22 0 [Note] C:\Users\YK\Desktop\winphp\bin\mysql\bin\mysqld.exe (initiated by: root[root] @ localhost [127.0.0.1]): Normal shutdown
2026-05-22 15:49:22 0 [Note] InnoDB: FTS optimize thread exiting.
2026-05-22 15:49:22 0 [Note] InnoDB: Starting shutdown...
2026-05-22 15:49:22 0 [Note] InnoDB: Dumping buffer pool(s) to C:\Users\YK\Desktop\winphp\bin\mysql\data\ib_buffer_pool
2026-05-22 15:49:22 0 [Note] InnoDB: Buffer pool(s) dump completed at 260522 15:49:22
2026-05-22 15:49:23 0 [Note] InnoDB: Removed temporary tablespace data file: "./ibtmp1"
2026-05-22 15:49:23 0 [Note] InnoDB: Shutdown completed; log sequence number 46996; transaction id 15
2026-05-22 15:49:23 0 [Note] C:\Users\YK\Desktop\winphp\bin\mysql\bin\mysqld.exe: Shutdown complete

2026-05-22 16:16:24 0 [Note] Starting MariaDB 10.11.8-MariaDB source revision 3a069644682e336e445039e48baae9693f9a08ee as process 13516
2026-05-22 16:16:24 0 [Note] InnoDB: Compressed tables use zlib 1.3.1
2026-05-22 16:16:24 0 [Note] InnoDB: Number of transaction pools: 1
2026-05-22 16:16:24 0 [Note] InnoDB: Using crc32 + pclmulqdq instructions
2026-05-22 16:16:24 0 [Note] InnoDB: Initializing buffer pool, total size = 128.000MiB, chunk size = 2.000MiB
2026-05-22 16:16:24 0 [Note] InnoDB: Completed initialization of buffer pool
2026-05-22 16:16:24 0 [Note] InnoDB: File system buffers for log disabled (block size=4096 bytes)
2026-05-22 16:16:24 0 [Note] InnoDB: End of log at LSN=46996
2026-05-22 16:16:24 0 [Note] InnoDB: 128 rollback segments are active.
2026-05-22 16:16:24 0 [Note] InnoDB: Setting file './ibtmp1' size to 12.000MiB. Physically writing the file full; Please wait ...
2026-05-22 16:16:24 0 [Note] InnoDB: File './ibtmp1' size is now 12.000MiB.
2026-05-22 16:16:24 0 [Note] InnoDB: log sequence number 46996; transaction id 14
2026-05-22 16:16:24 0 [Note] InnoDB: Loading buffer pool(s) from C:\Users\YK\Desktop\winphp\bin\mysql\data\ib_buffer_pool
2026-05-22 16:16:24 0 [Note] Plugin 'FEEDBACK' is disabled.
2026-05-22 16:16:24 0 [Note] mysqld.exe: SSPI: using principal name 'localhost', mech 'Negotiate'
2026-05-22 16:16:24 0 [Note] InnoDB: Buffer pool(s) load completed at 260522 16:16:24
2026-05-22 16:16:24 0 [Note] Server socket created on IP: '127.0.0.1'.
2026-05-22 16:16:24 0 [Note] C:\Users\YK\Desktop\winphp\bin\mysql\bin\mysqld.exe: ready for connections.
Version: '10.11.8-MariaDB'  socket: ''  port: 3306  mariadb.org binary distribution
2026-05-22 16:16:24 3 [Warning] Aborted connection 3 to db: 'unconnected' user: 'unauthenticated' host: 'localhost' (Got an error reading communication packets)
2026-05-22 16:16:24 3 [Warning] Aborted connection 3 to db: 'unconnected' user: 'unauthenticated' host: 'localhost' (This connection closed normally without authentication)
2026-05-22 16:16:25 4 [Warning] Aborted connection 4 to db: 'unconnected' user: 'unauthenticated' host: 'localhost' (Got an error reading communication packets)
2026-05-22 16:16:25 4 [Warning] Aborted connection 4 to db: 'unconnected' user: 'unauthenticated' host: 'localhost' (This connection closed normally without authentication)
2026-05-22 16:16:25 5 [Warning] Aborted connection 5 to db: 'unconnected' user: 'unauthenticated' host: 'localhost' (Got an error reading communication packets)
2026-05-22 16:16:25 5 [Warning] Aborted connection 5 to db: 'unconnected' user: 'unauthenticated' host: 'localhost' (This connection closed normally without authentication)
2026-05-22 16:16:26 6 [Warning] Aborted connection 6 to db: 'unconnected' user: 'unauthenticated' host: 'localhost' (Got an error reading communication packets)
2026-05-22 16:16:26 6 [Warning] Aborted connection 6 to db: 'unconnected' user: 'unauthenticated' host: 'localhost' (This connection closed normally without authentication)
2026-05-22 16:16:26 7 [Warning] Aborted connection 7 to db: 'unconnected' user: 'unauthenticated' host: 'localhost' (Got an error reading communication packets)
2026-05-22 16:16:26 7 [Warning] Aborted connection 7 to db: 'unconnected' user: 'unauthenticated' host: 'localhost' (This connection closed normally without authentication)
2026-05-22 16:16:27 8 [Warning] Aborted connection 8 to db: 'unconnected' user: 'unauthenticated' host: 'localhost' (Got an error reading communication packets)
2026-05-22 16:16:27 8 [Warning] Aborted connection 8 to db: 'unconnected' user: 'unauthenticated' host: 'localhost' (This connection closed normally without authentication)
2026-05-22 16:16:28 9 [Warning] Aborted connection 9 to db: 'unconnected' user: 'unauthenticated' host: 'localhost' (Got an error reading communication packets)
2026-05-22 16:16:28 9 [Warning] Aborted connection 9 to db: 'unconnected' user: 'unauthenticated' host: 'localhost' (This connection closed normally without authentication)
2026-05-22 16:16:29 10 [Warning] Aborted connection 10 to db: 'unconnected' user: 'unauthenticated' host: 'localhost' (Got an error reading communication packets)
2026-05-22 16:16:29 10 [Warning] Aborted connection 10 to db: 'unconnected' user: 'unauthenticated' host: 'localhost' (This connection closed normally without authentication)
2026-05-22 16:16:30 11 [Warning] Aborted connection 11 to db: 'unconnected' user: 'unauthenticated' host: 'localhost' (Got an error reading communication packets)
2026-05-22 16:16:30 11 [Warning] Aborted connection 11 to db: 'unconnected' user: 'unauthenticated' host: 'localhost' (This connection closed normally without authentication)
2026-05-22 16:16:31 12 [Warning] Aborted connection 12 to db: 'unconnected' user: 'unauthenticated' host: 'localhost' (Got an error reading communication packets)
2026-05-22 16:16:31 12 [Warning] Aborted connection 12 to db: 'unconnected' user: 'unauthenticated' host: 'localhost' (This connection closed normally without authentication)
2026-05-22 16:16:31 13 [Warning] Aborted connection 13 to db: 'unconnected' user: 'unauthenticated' host: 'localhost' (Got an error reading communication packets)
2026-05-22 16:16:31 13 [Warning] Aborted connection 13 to db: 'unconnected' user: 'unauthenticated' host: 'localhost' (This connection closed normally without authentication)
2026-05-22 16:16:35 14 [Warning] Aborted connection 14 to db: 'unconnected' user: 'unauthenticated' host: 'localhost' (Got an error reading communication packets)
2026-05-22 16:16:35 15 [Warning] Aborted connection 15 to db: 'unconnected' user: 'unauthenticated' host: 'localhost' (Got an error reading communication packets)
2026-05-22 16:16:35 15 [Warning] Aborted connection 15 to db: 'unconnected' user: 'unauthenticated' host: 'localhost' (This connection closed normally without authentication)
2026-05-22 16:16:35 14 [Warning] Aborted connection 14 to db: 'unconnected' user: 'unauthenticated' host: 'localhost' (This connection closed normally without authentication)
2026-05-22 16:16:36 16 [Warning] Aborted connection 16 to db: 'unconnected' user: 'unauthenticated' host: 'localhost' (Got an error reading communication packets)
2026-05-22 16:16:36 16 [Warning] Aborted connection 16 to db: 'unconnected' user: 'unauthenticated' host: 'localhost' (This connection closed normally without authentication)
2026-05-22 16:16:36 17 [Warning] Aborted connection 17 to db: 'unconnected' user: 'unauthenticated' host: 'localhost' (Got an error reading communication packets)
2026-05-22 16:16:36 17 [Warning] Aborted connection 17 to db: 'unconnected' user: 'unauthenticated' host: 'localhost' (This connection closed normally without authentication)
2026-05-22 16:16:37 18 [Warning] Aborted connection 18 to db: 'unconnected' user: 'unauthenticated' host: 'localhost' (Got an error reading communication packets)
2026-05-22 16:16:37 18 [Warning] Aborted connection 18 to db: 'unconnected' user: 'unauthenticated' host: 'localhost' (This connection closed normally without authentication)
2026-05-22 16:16:38 19 [Warning] Aborted connection 19 to db: 'unconnected' user: 'unauthenticated' host: 'localhost' (Got an error reading communication packets)
2026-05-22 16:16:38 19 [Warning] Aborted connection 19 to db: 'unconnected' user: 'unauthenticated' host: 'localhost' (This connection closed normally without authentication)
2026-05-22 16:16:39 20 [Warning] Aborted connection 20 to db: 'unconnected' user: 'unauthenticated' host: 'localhost' (Got an error reading communication packets)
2026-05-22 16:16:39 20 [Warning] Aborted connection 20 to db: 'unconnected' user: 'unauthenticated' host: 'localhost' (This connection closed normally without authentication)
2026-05-22 16:16:40 21 [Warning] Aborted connection 21 to db: 'unconnected' user: 'unauthenticated' host: 'localhost' (Got an error reading communication packets)
2026-05-22 16:16:40 21 [Warning] Aborted connection 21 to db: 'unconnected' user: 'unauthenticated' host: 'localhost' (This connection closed normally without authentication)
2026-05-22 16:16:44 22 [Warning] Aborted connection 22 to db: 'unconnected' user: 'unauthenticated' host: 'localhost' (Got an error reading communication packets)
2026-05-22 16:16:44 22 [Warning] Aborted connection 22 to db: 'unconnected' user: 'unauthenticated' host: 'localhost' (This connection closed normally without authentication)
2026-05-22 16:16:44 23 [Warning] Aborted connection 23 to db: 'unconnected' user: 'unauthenticated' host: 'localhost' (Got an error reading communication packets)
2026-05-22 16:16:44 23 [Warning] Aborted connection 23 to db: 'unconnected' user: 'unauthenticated' host: 'localhost' (This connection closed normally without authentication)
2026-05-22 16:16:48 24 [Warning] Aborted connection 24 to db: 'unconnected' user: 'unauthenticated' host: 'localhost' (Got an error reading communication packets)
2026-05-22 16:16:48 24 [Warning] Aborted connection 24 to db: 'unconnected' user: 'unauthenticated' host: 'localhost' (This connection closed normally without authentication)
2026-05-22 16:16:48 25 [Warning] Aborted connection 25 to db: 'unconnected' user: 'unauthenticated' host: 'localhost' (Got an error reading communication packets)
2026-05-22 16:16:48 25 [Warning] Aborted connection 25 to db: 'unconnected' user: 'unauthenticated' host: 'localhost' (This connection closed normally without authentication)
2026-05-22 16:16:48 26 [Warning] Aborted connection 26 to db: 'unconnected' user: 'unauthenticated' host: 'localhost' (Got an error reading communication packets)
2026-05-22 16:16:48 26 [Warning] Aborted connection 26 to db: 'unconnected' user: 'unauthenticated' host: 'localhost' (This connection closed normally without authentication)
2026-05-22 16:16:48 27 [Warning] Aborted connection 27 to db: 'unconnected' user: 'unauthenticated' host: 'localhost' (Got an error reading communication packets)
2026-05-22 16:16:48 27 [Warning] Aborted connection 27 to db: 'unconnected' user: 'unauthenticated' host: 'localhost' (This connection closed normally without authentication)
2026-05-22 16:16:49 28 [Warning] Aborted connection 28 to db: 'unconnected' user: 'unauthenticated' host: 'localhost' (Got an error reading communication packets)
2026-05-22 16:16:49 28 [Warning] Aborted connection 28 to db: 'unconnected' user: 'unauthenticated' host: 'localhost' (This connection closed normally without authentication)
2026-05-22 16:16:49 29 [Warning] Aborted connection 29 to db: 'unconnected' user: 'unauthenticated' host: 'localhost' (Got an error reading communication packets)
2026-05-22 16:16:49 29 [Warning] Aborted connection 29 to db: 'unconnected' user: 'unauthenticated' host: 'localhost' (This connection closed normally without authentication)
2026-05-22 16:16:52 30 [Warning] Aborted connection 30 to db: 'unconnected' user: 'unauthenticated' host: 'localhost' (Got an error reading communication packets)
2026-05-22 16:16:52 30 [Warning] Aborted connection 30 to db: 'unconnected' user: 'unauthenticated' host: 'localhost' (This connection closed normally without authentication)
2026-05-22 16:16:52 31 [Warning] Aborted connection 31 to db: 'unconnected' user: 'unauthenticated' host: 'localhost' (Got an error reading communication packets)
2026-05-22 16:16:52 31 [Warning] Aborted connection 31 to db: 'unconnected' user: 'unauthenticated' host: 'localhost' (This connection closed normally without authentication)
2026-05-22 16:16:53 32 [Warning] Aborted connection 32 to db: 'unconnected' user: 'unauthenticated' host: 'localhost' (Got an error reading communication packets)
2026-05-22 16:16:53 32 [Warning] Aborted connection 32 to db: 'unconnected' user: 'unauthenticated' host: 'localhost' (This connection closed normally without authentication)
2026-05-22 16:16:54 33 [Warning] Aborted connection 33 to db: 'unconnected' user: 'unauthenticated' host: 'localhost' (Got an error reading communication packets)
2026-05-22 16:16:54 33 [Warning] Aborted connection 33 to db: 'unconnected' user: 'unauthenticated' host: 'localhost' (This connection closed normally without authentication)
2026-05-22 16:16:56 34 [Warning] Aborted connection 34 to db: 'unconnected' user: 'unauthenticated' host: 'localhost' (Got an error reading communication packets)
2026-05-22 16:16:56 34 [Warning] Aborted connection 34 to db: 'unconnected' user: 'unauthenticated' host: 'localhost' (This connection closed normally without authentication)
2026-05-22 16:16:56 35 [Warning] Aborted connection 35 to db: 'unconnected' user: 'unauthenticated' host: 'localhost' (Got an error reading communication packets)
2026-05-22 16:16:56 35 [Warning] Aborted connection 35 to db: 'unconnected' user: 'unauthenticated' host: 'localhost' (This connection closed normally without authentication)
2026-05-22 16:16:59 36 [Warning] Aborted connection 36 to db: 'unconnected' user: 'unauthenticated' host: 'localhost' (Got an error reading communication packets)
2026-05-22 16:16:59 36 [Warning] Aborted connection 36 to db: 'unconnected' user: 'unauthenticated' host: 'localhost' (This connection closed normally without authentication)
2026-05-22 16:16:59 37 [Warning] Aborted connection 37 to db: 'unconnected' user: 'unauthenticated' host: 'localhost' (Got an error reading communication packets)
2026-05-22 16:16:59 37 [Warning] Aborted connection 37 to db: 'unconnected' user: 'unauthenticated' host: 'localhost' (This connection closed normally without authentication)
2026-05-22 16:17:04 38 [Warning] Aborted connection 38 to db: 'unconnected' user: 'unauthenticated' host: 'localhost' (Got an error reading communication packets)
2026-05-22 16:17:04 38 [Warning] Aborted connection 38 to db: 'unconnected' user: 'unauthenticated' host: 'localhost' (This connection closed normally without authentication)
2026-05-22 16:17:04 39 [Warning] Aborted connection 39 to db: 'unconnected' user: 'unauthenticated' host: 'localhost' (Got an error reading communication packets)
2026-05-22 16:17:04 39 [Warning] Aborted connection 39 to db: 'unconnected' user: 'unauthenticated' host: 'localhost' (This connection closed normally without authentication)
2026-05-22 16:17:08 40 [Warning] Aborted connection 40 to db: 'unconnected' user: 'unauthenticated' host: 'localhost' (Got an error reading communication packets)
2026-05-22 16:17:08 40 [Warning] Aborted connection 40 to db: 'unconnected' user: 'unauthenticated' host: 'localhost' (This connection closed normally without authentication)
2026-05-22 16:17:08 41 [Warning] Aborted connection 41 to db: 'unconnected' user: 'unauthenticated' host: 'localhost' (Got an error reading communication packets)
2026-05-22 16:17:08 41 [Warning] Aborted connection 41 to db: 'unconnected' user: 'unauthenticated' host: 'localhost' (This connection closed normally without authentication)
2026-05-22 16:17:12 42 [Warning] Aborted connection 42 to db: 'unconnected' user: 'unauthenticated' host: 'localhost' (Got an error reading communication packets)
2026-05-22 16:17:12 42 [Warning] Aborted connection 42 to db: 'unconnected' user: 'unauthenticated' host: 'localhost' (This connection closed normally without authentication)
2026-05-22 16:17:12 43 [Warning] Aborted connection 43 to db: 'unconnected' user: 'unauthenticated' host: 'localhost' (Got an error reading communication packets)
2026-05-22 16:17:12 43 [Warning] Aborted connection 43 to db: 'unconnected' user: 'unauthenticated' host: 'localhost' (This connection closed normally without authentication)
2026-05-22 16:17:16 44 [Warning] Aborted connection 44 to db: 'unconnected' user: 'unauthenticated' host: 'localhost' (Got an error reading communication packets)
2026-05-22 16:17:16 44 [Warning] Aborted connection 44 to db: 'unconnected' user: 'unauthenticated' host: 'localhost' (This connection closed normally without authentication)
2026-05-22 16:17:16 45 [Warning] Aborted connection 45 to db: 'unconnected' user: 'unauthenticated' host: 'localhost' (Got an error reading communication packets)
2026-05-22 16:17:16 45 [Warning] Aborted connection 45 to db: 'unconnected' user: 'unauthenticated' host: 'localhost' (This connection closed normally without authentication)
2026-05-22 16:17:20 46 [Warning] Aborted connection 46 to db: 'unconnected' user: 'unauthenticated' host: 'localhost' (Got an error reading communication packets)
2026-05-22 16:17:20 46 [Warning] Aborted connection 46 to db: 'unconnected' user: 'unauthenticated' host: 'localhost' (This connection closed normally without authentication)
2026-05-22 16:17:20 47 [Warning] Aborted connection 47 to db: 'unconnected' user: 'unauthenticated' host: 'localhost' (Got an error reading communication packets)
2026-05-22 16:17:20 47 [Warning] Aborted connection 47 to db: 'unconnected' user: 'unauthenticated' host: 'localhost' (This connection closed normally without authentication)
2026-05-22 16:17:24 48 [Warning] Aborted connection 48 to db: 'unconnected' user: 'unauthenticated' host: 'localhost' (Got an error reading communication packets)
2026-05-22 16:17:24 48 [Warning] Aborted connection 48 to db: 'unconnected' user: 'unauthenticated' host: 'localhost' (This connection closed normally without authentication)
2026-05-22 16:17:24 49 [Warning] Aborted connection 49 to db: 'unconnected' user: 'unauthenticated' host: 'localhost' (Got an error reading communication packets)
2026-05-22 16:17:24 49 [Warning] Aborted connection 49 to db: 'unconnected' user: 'unauthenticated' host: 'localhost' (This connection closed normally without authentication)
2026-05-22 16:17:28 50 [Warning] Aborted connection 50 to db: 'unconnected' user: 'unauthenticated' host: 'localhost' (Got an error reading communication packets)
2026-05-22 16:17:28 50 [Warning] Aborted connection 50 to db: 'unconnected' user: 'unauthenticated' host: 'localhost' (This connection closed normally without authentication)
2026-05-22 16:17:28 51 [Warning] Aborted connection 51 to db: 'unconnected' user: 'unauthenticated' host: 'localhost' (Got an error reading communication packets)
2026-05-22 16:17:28 51 [Warning] Aborted connection 51 to db: 'unconnected' user: 'unauthenticated' host: 'localhost' (This connection closed normally without authentication)
2026-05-22 16:17:32 52 [Warning] Aborted connection 52 to db: 'unconnected' user: 'unauthenticated' host: 'localhost' (Got an error reading communication packets)
2026-05-22 16:17:32 52 [Warning] Aborted connection 52 to db: 'unconnected' user: 'unauthenticated' host: 'localhost' (This connection closed normally without authentication)
2026-05-22 16:17:32 53 [Warning] Aborted connection 53 to db: 'unconnected' user: 'unauthenticated' host: 'localhost' (Got an error reading communication packets)
2026-05-22 16:17:32 53 [Warning] Aborted connection 53 to db: 'unconnected' user: 'unauthenticated' host: 'localhost' (This connection closed normally without authentication)
2026-05-22 16:17:36 54 [Warning] Aborted connection 54 to db: 'unconnected' user: 'unauthenticated' host: 'localhost' (Got an error reading communication packets)
2026-05-22 16:17:36 54 [Warning] Aborted connection 54 to db: 'unconnected' user: 'unauthenticated' host: 'localhost' (This connection closed normally without authentication)
2026-05-22 16:17:36 55 [Warning] Aborted connection 55 to db: 'unconnected' user: 'unauthenticated' host: 'localhost' (Got an error reading communication packets)
2026-05-22 16:17:36 55 [Warning] Aborted connection 55 to db: 'unconnected' user: 'unauthenticated' host: 'localhost' (This connection closed normally without authentication)
2026-05-22 16:17:40 56 [Warning] Aborted connection 56 to db: 'unconnected' user: 'unauthenticated' host: 'localhost' (Got an error reading communication packets)
2026-05-22 16:17:40 56 [Warning] Aborted connection 56 to db: 'unconnected' user: 'unauthenticated' host: 'localhost' (This connection closed normally without authentication)
2026-05-22 16:17:40 57 [Warning] Aborted connection 57 to db: 'unconnected' user: 'unauthenticated' host: 'localhost' (Got an error reading communication packets)
2026-05-22 16:17:40 57 [Warning] Aborted connection 57 to db: 'unconnected' user: 'unauthenticated' host: 'localhost' (This connection closed normally without authentication)
2026-05-22 16:17:44 58 [Warning] Aborted connection 58 to db: 'unconnected' user: 'unauthenticated' host: 'localhost' (Got an error reading communication packets)
2026-05-22 16:17:44 58 [Warning] Aborted connection 58 to db: 'unconnected' user: 'unauthenticated' host: 'localhost' (This connection closed normally without authentication)
2026-05-22 16:17:44 59 [Warning] Aborted connection 59 to db: 'unconnected' user: 'unauthenticated' host: 'localhost' (Got an error reading communication packets)
2026-05-22 16:17:44 59 [Warning] Aborted connection 59 to db: 'unconnected' user: 'unauthenticated' host: 'localhost' (This connection closed normally without authentication)
2026-05-22 16:17:48 60 [Warning] Aborted connection 60 to db: 'unconnected' user: 'unauthenticated' host: 'localhost' (Got an error reading communication packets)
2026-05-22 16:17:48 60 [Warning] Aborted connection 60 to db: 'unconnected' user: 'unauthenticated' host: 'localhost' (This connection closed normally without authentication)
2026-05-22 16:17:48 61 [Warning] Aborted connection 61 to db: 'unconnected' user: 'unauthenticated' host: 'localhost' (Got an error reading communication packets)
2026-05-22 16:17:48 61 [Warning] Aborted connection 61 to db: 'unconnected' user: 'unauthenticated' host: 'localhost' (This connection closed normally without authentication)
2026-05-22 16:17:52 62 [Warning] Aborted connection 62 to db: 'unconnected' user: 'unauthenticated' host: 'localhost' (Got an error reading communication packets)
2026-05-22 16:17:52 62 [Warning] Aborted connection 62 to db: 'unconnected' user: 'unauthenticated' host: 'localhost' (This connection closed normally without authentication)
2026-05-22 16:17:52 63 [Warning] Aborted connection 63 to db: 'unconnected' user: 'unauthenticated' host: 'localhost' (Got an error reading communication packets)
2026-05-22 16:17:52 63 [Warning] Aborted connection 63 to db: 'unconnected' user: 'unauthenticated' host: 'localhost' (This connection closed normally without authentication)
2026-05-22 16:17:56 64 [Warning] Aborted connection 64 to db: 'unconnected' user: 'unauthenticated' host: 'localhost' (Got an error reading communication packets)
2026-05-22 16:17:56 64 [Warning] Aborted connection 64 to db: 'unconnected' user: 'unauthenticated' host: 'localhost' (This connection closed normally without authentication)
2026-05-22 16:17:56 65 [Warning] Aborted connection 65 to db: 'unconnected' user: 'unauthenticated' host: 'localhost' (Got an error reading communication packets)
2026-05-22 16:17:56 65 [Warning] Aborted connection 65 to db: 'unconnected' user: 'unauthenticated' host: 'localhost' (This connection closed normally without authentication)
2026-05-22 16:18:00 66 [Warning] Aborted connection 66 to db: 'unconnected' user: 'unauthenticated' host: 'localhost' (Got an error reading communication packets)
2026-05-22 16:18:00 66 [Warning] Aborted connection 66 to db: 'unconnected' user: 'unauthenticated' host: 'localhost' (This connection closed normally without authentication)
2026-05-22 16:18:00 67 [Warning] Aborted connection 67 to db: 'unconnected' user: 'unauthenticated' host: 'localhost' (Got an error reading communication packets)
2026-05-22 16:18:00 67 [Warning] Aborted connection 67 to db: 'unconnected' user: 'unauthenticated' host: 'localhost' (This connection closed normally without authentication)
2026-05-22 16:18:04 68 [Warning] Aborted connection 68 to db: 'unconnected' user: 'unauthenticated' host: 'localhost' (Got an error reading communication packets)
2026-05-22 16:18:04 68 [Warning] Aborted connection 68 to db: 'unconnected' user: 'unauthenticated' host: 'localhost' (This connection closed normally without authentication)
2026-05-22 16:18:04 69 [Warning] Aborted connection 69 to db: 'unconnected' user: 'unauthenticated' host: 'localhost' (Got an error reading communication packets)
2026-05-22 16:18:04 69 [Warning] Aborted connection 69 to db: 'unconnected' user: 'unauthenticated' host: 'localhost' (This connection closed normally without authentication)
2026-05-22 16:18:08 70 [Warning] Aborted connection 70 to db: 'unconnected' user: 'unauthenticated' host: 'localhost' (Got an error reading communication packets)
2026-05-22 16:18:08 70 [Warning] Aborted connection 70 to db: 'unconnected' user: 'unauthenticated' host: 'localhost' (This connection closed normally without authentication)
2026-05-22 16:18:08 71 [Warning] Aborted connection 71 to db: 'unconnected' user: 'unauthenticated' host: 'localhost' (Got an error reading communication packets)
2026-05-22 16:18:08 71 [Warning] Aborted connection 71 to db: 'unconnected' user: 'unauthenticated' host: 'localhost' (This connection closed normally without authentication)
2026-05-22 16:18:12 72 [Warning] Aborted connection 72 to db: 'unconnected' user: 'unauthenticated' host: 'localhost' (Got an error reading communication packets)
2026-05-22 16:18:12 72 [Warning] Aborted connection 72 to db: 'unconnected' user: 'unauthenticated' host: 'localhost' (This connection closed normally without authentication)
2026-05-22 16:18:12 73 [Warning] Aborted connection 73 to db: 'unconnected' user: 'unauthenticated' host: 'localhost' (Got an error reading communication packets)
2026-05-22 16:18:12 73 [Warning] Aborted connection 73 to db: 'unconnected' user: 'unauthenticated' host: 'localhost' (This connection closed normally without authentication)
2026-05-22 16:18:16 74 [Warning] Aborted connection 74 to db: 'unconnected' user: 'unauthenticated' host: 'localhost' (Got an error reading communication packets)
2026-05-22 16:18:16 74 [Warning] Aborted connection 74 to db: 'unconnected' user: 'unauthenticated' host: 'localhost' (This connection closed normally without authentication)
2026-05-22 16:18:16 75 [Warning] Aborted connection 75 to db: 'unconnected' user: 'unauthenticated' host: 'localhost' (Got an error reading communication packets)
2026-05-22 16:18:16 75 [Warning] Aborted connection 75 to db: 'unconnected' user: 'unauthenticated' host: 'localhost' (This connection closed normally without authentication)
2026-05-22 16:18:20 76 [Warning] Aborted connection 76 to db: 'unconnected' user: 'unauthenticated' host: 'localhost' (Got an error reading communication packets)
2026-05-22 16:18:20 76 [Warning] Aborted connection 76 to db: 'unconnected' user: 'unauthenticated' host: 'localhost' (This connection closed normally without authentication)
2026-05-22 16:18:20 77 [Warning] Aborted connection 77 to db: 'unconnected' user: 'unauthenticated' host: 'localhost' (Got an error reading communication packets)
2026-05-22 16:18:20 77 [Warning] Aborted connection 77 to db: 'unconnected' user: 'unauthenticated' host: 'localhost' (This connection closed normally without authentication)
2026-05-22 16:18:24 78 [Warning] Aborted connection 78 to db: 'unconnected' user: 'unauthenticated' host: 'localhost' (Got an error reading communication packets)
2026-05-22 16:18:24 78 [Warning] Aborted connection 78 to db: 'unconnected' user: 'unauthenticated' host: 'localhost' (This connection closed normally without authentication)
2026-05-22 16:18:24 79 [Warning] Aborted connection 79 to db: 'unconnected' user: 'unauthenticated' host: 'localhost' (Got an error reading communication packets)
2026-05-22 16:18:24 79 [Warning] Aborted connection 79 to db: 'unconnected' user: 'unauthenticated' host: 'localhost' (This connection closed normally without authentication)
2026-05-22 16:18:28 80 [Warning] Aborted connection 80 to db: 'unconnected' user: 'unauthenticated' host: 'localhost' (Got an error reading communication packets)
2026-05-22 16:18:28 80 [Warning] Aborted connection 80 to db: 'unconnected' user: 'unauthenticated' host: 'localhost' (This connection closed normally without authentication)
2026-05-22 16:18:28 81 [Warning] Aborted connection 81 to db: 'unconnected' user: 'unauthenticated' host: 'localhost' (Got an error reading communication packets)
2026-05-22 16:18:28 81 [Warning] Aborted connection 81 to db: 'unconnected' user: 'unauthenticated' host: 'localhost' (This connection closed normally without authentication)
2026-05-22 16:18:32 82 [Warning] Aborted connection 82 to db: 'unconnected' user: 'unauthenticated' host: 'localhost' (Got an error reading communication packets)
2026-05-22 16:18:32 82 [Warning] Aborted connection 82 to db: 'unconnected' user: 'unauthenticated' host: 'localhost' (This connection closed normally without authentication)
2026-05-22 16:18:32 83 [Warning] Aborted connection 83 to db: 'unconnected' user: 'unauthenticated' host: 'localhost' (Got an error reading communication packets)
2026-05-22 16:18:32 83 [Warning] Aborted connection 83 to db: 'unconnected' user: 'unauthenticated' host: 'localhost' (This connection closed normally without authentication)
2026-05-22 16:18:36 84 [Warning] Aborted connection 84 to db: 'unconnected' user: 'unauthenticated' host: 'localhost' (Got an error reading communication packets)
2026-05-22 16:18:36 84 [Warning] Aborted connection 84 to db: 'unconnected' user: 'unauthenticated' host: 'localhost' (This connection closed normally without authentication)
2026-05-22 16:18:36 85 [Warning] Aborted connection 85 to db: 'unconnected' user: 'unauthenticated' host: 'localhost' (Got an error reading communication packets)
2026-05-22 16:18:36 85 [Warning] Aborted connection 85 to db: 'unconnected' user: 'unauthenticated' host: 'localhost' (This connection closed normally without authentication)
2026-05-22 16:18:40 86 [Warning] Aborted connection 86 to db: 'unconnected' user: 'unauthenticated' host: 'localhost' (Got an error reading communication packets)
2026-05-22 16:18:40 86 [Warning] Aborted connection 86 to db: 'unconnected' user: 'unauthenticated' host: 'localhost' (This connection closed normally without authentication)
2026-05-22 16:18:40 87 [Warning] Aborted connection 87 to db: 'unconnected' user: 'unauthenticated' host: 'localhost' (Got an error reading communication packets)
2026-05-22 16:18:40 87 [Warning] Aborted connection 87 to db: 'unconnected' user: 'unauthenticated' host: 'localhost' (This connection closed normally without authentication)
2026-05-22 16:20:37 88 [Warning] Aborted connection 88 to db: 'unconnected' user: 'unauthenticated' host: 'localhost' (Got an error reading communication packets)
2026-05-22 16:20:37 88 [Warning] Aborted connection 88 to db: 'unconnected' user: 'unauthenticated' host: 'localhost' (This connection closed normally without authentication)
2026-05-22 16:20:38 89 [Warning] Aborted connection 89 to db: 'unconnected' user: 'unauthenticated' host: 'localhost' (Got an error reading communication packets)
2026-05-22 16:20:38 89 [Warning] Aborted connection 89 to db: 'unconnected' user: 'unauthenticated' host: 'localhost' (This connection closed normally without authentication)
2026-05-22 16:20:39 90 [Warning] Aborted connection 90 to db: 'unconnected' user: 'unauthenticated' host: 'localhost' (Got an error reading communication packets)
2026-05-22 16:20:39 90 [Warning] Aborted connection 90 to db: 'unconnected' user: 'unauthenticated' host: 'localhost' (This connection closed normally without authentication)
2026-05-22 16:20:39 91 [Warning] Aborted connection 91 to db: 'unconnected' user: 'unauthenticated' host: 'localhost' (Got an error reading communication packets)
2026-05-22 16:20:39 91 [Warning] Aborted connection 91 to db: 'unconnected' user: 'unauthenticated' host: 'localhost' (This connection closed normally without authentication)
2026-05-22 16:20:40 92 [Warning] Aborted connection 92 to db: 'unconnected' user: 'unauthenticated' host: 'localhost' (Got an error reading communication packets)
2026-05-22 16:20:40 92 [Warning] Aborted connection 92 to db: 'unconnected' user: 'unauthenticated' host: 'localhost' (This connection closed normally without authentication)
2026-05-22 16:20:40 93 [Warning] Aborted connection 93 to db: 'unconnected' user: 'unauthenticated' host: 'localhost' (Got an error reading communication packets)
2026-05-22 16:20:40 93 [Warning] Aborted connection 93 to db: 'unconnected' user: 'unauthenticated' host: 'localhost' (This connection closed normally without authentication)
2026-05-22 16:20:44 94 [Warning] Aborted connection 94 to db: 'unconnected' user: 'unauthenticated' host: 'localhost' (Got an error reading communication packets)
2026-05-22 16:20:44 94 [Warning] Aborted connection 94 to db: 'unconnected' user: 'unauthenticated' host: 'localhost' (This connection closed normally without authentication)
2026-05-22 16:20:44 95 [Warning] Aborted connection 95 to db: 'unconnected' user: 'unauthenticated' host: 'localhost' (Got an error reading communication packets)
2026-05-22 16:20:44 95 [Warning] Aborted connection 95 to db: 'unconnected' user: 'unauthenticated' host: 'localhost' (This connection closed normally without authentication)
2026-05-22 16:20:48 96 [Warning] Aborted connection 96 to db: 'unconnected' user: 'unauthenticated' host: 'localhost' (Got an error reading communication packets)
2026-05-22 16:20:48 96 [Warning] Aborted connection 96 to db: 'unconnected' user: 'unauthenticated' host: 'localhost' (This connection closed normally without authentication)
2026-05-22 16:20:48 97 [Warning] Aborted connection 97 to db: 'unconnected' user: 'unauthenticated' host: 'localhost' (Got an error reading communication packets)
2026-05-22 16:20:48 97 [Warning] Aborted connection 97 to db: 'unconnected' user: 'unauthenticated' host: 'localhost' (This connection closed normally without authentication)
2026-05-22 16:20:52 98 [Warning] Aborted connection 98 to db: 'unconnected' user: 'unauthenticated' host: 'localhost' (Got an error reading communication packets)
2026-05-22 16:20:52 98 [Warning] Aborted connection 98 to db: 'unconnected' user: 'unauthenticated' host: 'localhost' (This connection closed normally without authentication)
2026-05-22 16:20:52 99 [Warning] Aborted connection 99 to db: 'unconnected' user: 'unauthenticated' host: 'localhost' (Got an error reading communication packets)
2026-05-22 16:20:52 99 [Warning] Aborted connection 99 to db: 'unconnected' user: 'unauthenticated' host: 'localhost' (This connection closed normally without authentication)
2026-05-22 16:20:56 100 [Warning] Aborted connection 100 to db: 'unconnected' user: 'unauthenticated' host: 'localhost' (Got an error reading communication packets)
2026-05-22 16:20:56 100 [Warning] Aborted connection 100 to db: 'unconnected' user: 'unauthenticated' host: 'localhost' (This connection closed normally without authentication)
2026-05-22 16:20:56 101 [Warning] Aborted connection 101 to db: 'unconnected' user: 'unauthenticated' host: 'localhost' (Got an error reading communication packets)
2026-05-22 16:20:56 101 [Warning] Aborted connection 101 to db: 'unconnected' user: 'unauthenticated' host: 'localhost' (This connection closed normally without authentication)
2026-05-22 16:21:00 102 [Warning] Aborted connection 102 to db: 'unconnected' user: 'unauthenticated' host: 'localhost' (Got an error reading communication packets)
2026-05-22 16:21:00 102 [Warning] Aborted connection 102 to db: 'unconnected' user: 'unauthenticated' host: 'localhost' (This connection closed normally without authentication)
2026-05-22 16:21:00 103 [Warning] Aborted connection 103 to db: 'unconnected' user: 'unauthenticated' host: 'localhost' (Got an error reading communication packets)
2026-05-22 16:21:00 103 [Warning] Aborted connection 103 to db: 'unconnected' user: 'unauthenticated' host: 'localhost' (This connection closed normally without authentication)
2026-05-22 16:21:04 104 [Warning] Aborted connection 104 to db: 'unconnected' user: 'unauthenticated' host: 'localhost' (Got an error reading communication packets)
2026-05-22 16:21:04 104 [Warning] Aborted connection 104 to db: 'unconnected' user: 'unauthenticated' host: 'localhost' (This connection closed normally without authentication)
2026-05-22 16:21:04 105 [Warning] Aborted connection 105 to db: 'unconnected' user: 'unauthenticated' host: 'localhost' (Got an error reading communication packets)
2026-05-22 16:21:04 105 [Warning] Aborted connection 105 to db: 'unconnected' user: 'unauthenticated' host: 'localhost' (This connection closed normally without authentication)
2026-05-22 16:21:08 106 [Warning] Aborted connection 106 to db: 'unconnected' user: 'unauthenticated' host: 'localhost' (Got an error reading communication packets)
2026-05-22 16:21:08 106 [Warning] Aborted connection 106 to db: 'unconnected' user: 'unauthenticated' host: 'localhost' (This connection closed normally without authentication)
2026-05-22 16:21:08 107 [Warning] Aborted connection 107 to db: 'unconnected' user: 'unauthenticated' host: 'localhost' (Got an error reading communication packets)
2026-05-22 16:21:08 107 [Warning] Aborted connection 107 to db: 'unconnected' user: 'unauthenticated' host: 'localhost' (This connection closed normally without authentication)
2026-05-22 16:21:12 108 [Warning] Aborted connection 108 to db: 'unconnected' user: 'unauthenticated' host: 'localhost' (Got an error reading communication packets)
2026-05-22 16:21:12 108 [Warning] Aborted connection 108 to db: 'unconnected' user: 'unauthenticated' host: 'localhost' (This connection closed normally without authentication)
2026-05-22 16:21:12 109 [Warning] Aborted connection 109 to db: 'unconnected' user: 'unauthenticated' host: 'localhost' (Got an error reading communication packets)
2026-05-22 16:21:12 109 [Warning] Aborted connection 109 to db: 'unconnected' user: 'unauthenticated' host: 'localhost' (This connection closed normally without authentication)
2026-05-22 16:21:16 110 [Warning] Aborted connection 110 to db: 'unconnected' user: 'unauthenticated' host: 'localhost' (Got an error reading communication packets)
2026-05-22 16:21:16 110 [Warning] Aborted connection 110 to db: 'unconnected' user: 'unauthenticated' host: 'localhost' (This connection closed normally without authentication)
2026-05-22 16:21:16 111 [Warning] Aborted connection 111 to db: 'unconnected' user: 'unauthenticated' host: 'localhost' (Got an error reading communication packets)
2026-05-22 16:21:16 111 [Warning] Aborted connection 111 to db: 'unconnected' user: 'unauthenticated' host: 'localhost' (This connection closed normally without authentication)
2026-05-22 16:21:20 112 [Warning] Aborted connection 112 to db: 'unconnected' user: 'unauthenticated' host: 'localhost' (Got an error reading communication packets)
2026-05-22 16:21:20 112 [Warning] Aborted connection 112 to db: 'unconnected' user: 'unauthenticated' host: 'localhost' (This connection closed normally without authentication)
2026-05-22 16:21:20 113 [Warning] Aborted connection 113 to db: 'unconnected' user: 'unauthenticated' host: 'localhost' (Got an error reading communication packets)
2026-05-22 16:21:20 113 [Warning] Aborted connection 113 to db: 'unconnected' user: 'unauthenticated' host: 'localhost' (This connection closed normally without authentication)
2026-05-22 16:21:24 114 [Warning] Aborted connection 114 to db: 'unconnected' user: 'unauthenticated' host: 'localhost' (Got an error reading communication packets)
2026-05-22 16:21:24 114 [Warning] Aborted connection 114 to db: 'unconnected' user: 'unauthenticated' host: 'localhost' (This connection closed normally without authentication)
2026-05-22 16:21:24 115 [Warning] Aborted connection 115 to db: 'unconnected' user: 'unauthenticated' host: 'localhost' (Got an error reading communication packets)
2026-05-22 16:21:24 115 [Warning] Aborted connection 115 to db: 'unconnected' user: 'unauthenticated' host: 'localhost' (This connection closed normally without authentication)
2026-05-22 16:21:28 116 [Warning] Aborted connection 116 to db: 'unconnected' user: 'unauthenticated' host: 'localhost' (Got an error reading communication packets)
2026-05-22 16:21:28 116 [Warning] Aborted connection 116 to db: 'unconnected' user: 'unauthenticated' host: 'localhost' (This connection closed normally without authentication)
2026-05-22 16:21:28 117 [Warning] Aborted connection 117 to db: 'unconnected' user: 'unauthenticated' host: 'localhost' (Got an error reading communication packets)
2026-05-22 16:21:28 117 [Warning] Aborted connection 117 to db: 'unconnected' user: 'unauthenticated' host: 'localhost' (This connection closed normally without authentication)
2026-05-22 16:21:32 118 [Warning] Aborted connection 118 to db: 'unconnected' user: 'unauthenticated' host: 'localhost' (Got an error reading communication packets)
2026-05-22 16:21:32 118 [Warning] Aborted connection 118 to db: 'unconnected' user: 'unauthenticated' host: 'localhost' (This connection closed normally without authentication)
2026-05-22 16:21:32 119 [Warning] Aborted connection 119 to db: 'unconnected' user: 'unauthenticated' host: 'localhost' (Got an error reading communication packets)
2026-05-22 16:21:32 119 [Warning] Aborted connection 119 to db: 'unconnected' user: 'unauthenticated' host: 'localhost' (This connection closed normally without authentication)
2026-05-22 16:21:36 120 [Warning] Aborted connection 120 to db: 'unconnected' user: 'unauthenticated' host: 'localhost' (Got an error reading communication packets)
2026-05-22 16:21:36 120 [Warning] Aborted connection 120 to db: 'unconnected' user: 'unauthenticated' host: 'localhost' (This connection closed normally without authentication)
2026-05-22 16:21:36 121 [Warning] Aborted connection 121 to db: 'unconnected' user: 'unauthenticated' host: 'localhost' (Got an error reading communication packets)
2026-05-22 16:21:36 121 [Warning] Aborted connection 121 to db: 'unconnected' user: 'unauthenticated' host: 'localhost' (This connection closed normally without authentication)
2026-05-22 16:21:40 122 [Warning] Aborted connection 122 to db: 'unconnected' user: 'unauthenticated' host: 'localhost' (Got an error reading communication packets)
2026-05-22 16:21:40 122 [Warning] Aborted connection 122 to db: 'unconnected' user: 'unauthenticated' host: 'localhost' (This connection closed normally without authentication)
2026-05-22 16:21:40 123 [Warning] Aborted connection 123 to db: 'unconnected' user: 'unauthenticated' host: 'localhost' (Got an error reading communication packets)
2026-05-22 16:21:40 123 [Warning] Aborted connection 123 to db: 'unconnected' user: 'unauthenticated' host: 'localhost' (This connection closed normally without authentication)
2026-05-22 16:21:44 124 [Warning] Aborted connection 124 to db: 'unconnected' user: 'unauthenticated' host: 'localhost' (Got an error reading communication packets)
2026-05-22 16:21:44 124 [Warning] Aborted connection 124 to db: 'unconnected' user: 'unauthenticated' host: 'localhost' (This connection closed normally without authentication)
2026-05-22 16:21:44 125 [Warning] Aborted connection 125 to db: 'unconnected' user: 'unauthenticated' host: 'localhost' (Got an error reading communication packets)
2026-05-22 16:21:44 125 [Warning] Aborted connection 125 to db: 'unconnected' user: 'unauthenticated' host: 'localhost' (This connection closed normally without authentication)
2026-05-22 16:21:48 126 [Warning] Aborted connection 126 to db: 'unconnected' user: 'unauthenticated' host: 'localhost' (Got an error reading communication packets)
2026-05-22 16:21:48 126 [Warning] Aborted connection 126 to db: 'unconnected' user: 'unauthenticated' host: 'localhost' (This connection closed normally without authentication)
2026-05-22 16:21:48 127 [Warning] Aborted connection 127 to db: 'unconnected' user: 'unauthenticated' host: 'localhost' (Got an error reading communication packets)
2026-05-22 16:21:48 127 [Warning] Aborted connection 127 to db: 'unconnected' user: 'unauthenticated' host: 'localhost' (This connection closed normally without authentication)
2026-05-22 16:21:52 128 [Warning] Aborted connection 128 to db: 'unconnected' user: 'unauthenticated' host: 'localhost' (Got an error reading communication packets)
2026-05-22 16:21:52 128 [Warning] Aborted connection 128 to db: 'unconnected' user: 'unauthenticated' host: 'localhost' (This connection closed normally without authentication)
2026-05-22 16:21:52 129 [Warning] Aborted connection 129 to db: 'unconnected' user: 'unauthenticated' host: 'localhost' (Got an error reading communication packets)
2026-05-22 16:21:52 129 [Warning] Aborted connection 129 to db: 'unconnected' user: 'unauthenticated' host: 'localhost' (This connection closed normally without authentication)
2026-05-22 16:21:56 130 [Warning] Aborted connection 130 to db: 'unconnected' user: 'unauthenticated' host: 'localhost' (Got an error reading communication packets)
2026-05-22 16:21:56 130 [Warning] Aborted connection 130 to db: 'unconnected' user: 'unauthenticated' host: 'localhost' (This connection closed normally without authentication)
2026-05-22 16:21:56 131 [Warning] Aborted connection 131 to db: 'unconnected' user: 'unauthenticated' host: 'localhost' (Got an error reading communication packets)
2026-05-22 16:21:56 131 [Warning] Aborted connection 131 to db: 'unconnected' user: 'unauthenticated' host: 'localhost' (This connection closed normally without authentication)
2026-05-22 16:22:00 132 [Warning] Aborted connection 132 to db: 'unconnected' user: 'unauthenticated' host: 'localhost' (Got an error reading communication packets)
2026-05-22 16:22:00 132 [Warning] Aborted connection 132 to db: 'unconnected' user: 'unauthenticated' host: 'localhost' (This connection closed normally without authentication)
2026-05-22 16:22:00 133 [Warning] Aborted connection 133 to db: 'unconnected' user: 'unauthenticated' host: 'localhost' (Got an error reading communication packets)
2026-05-22 16:22:00 133 [Warning] Aborted connection 133 to db: 'unconnected' user: 'unauthenticated' host: 'localhost' (This connection closed normally without authentication)
2026-05-22 16:22:04 134 [Warning] Aborted connection 134 to db: 'unconnected' user: 'unauthenticated' host: 'localhost' (Got an error reading communication packets)
2026-05-22 16:22:04 134 [Warning] Aborted connection 134 to db: 'unconnected' user: 'unauthenticated' host: 'localhost' (This connection closed normally without authentication)
2026-05-22 16:22:04 135 [Warning] Aborted connection 135 to db: 'unconnected' user: 'unauthenticated' host: 'localhost' (Got an error reading communication packets)
2026-05-22 16:22:04 135 [Warning] Aborted connection 135 to db: 'unconnected' user: 'unauthenticated' host: 'localhost' (This connection closed normally without authentication)
2026-05-22 16:22:08 136 [Warning] Aborted connection 136 to db: 'unconnected' user: 'unauthenticated' host: 'localhost' (Got an error reading communication packets)
2026-05-22 16:22:08 136 [Warning] Aborted connection 136 to db: 'unconnected' user: 'unauthenticated' host: 'localhost' (This connection closed normally without authentication)
2026-05-22 16:22:08 137 [Warning] Aborted connection 137 to db: 'unconnected' user: 'unauthenticated' host: 'localhost' (Got an error reading communication packets)
2026-05-22 16:22:08 137 [Warning] Aborted connection 137 to db: 'unconnected' user: 'unauthenticated' host: 'localhost' (This connection closed normally without authentication)
2026-05-22 16:23:08 138 [Warning] Aborted connection 138 to db: 'unconnected' user: 'unauthenticated' host: 'localhost' (Got an error reading communication packets)
2026-05-22 16:23:08 138 [Warning] Aborted connection 138 to db: 'unconnected' user: 'unauthenticated' host: 'localhost' (This connection closed normally without authentication)
2026-05-22 16:23:08 139 [Warning] Aborted connection 139 to db: 'unconnected' user: 'unauthenticated' host: 'localhost' (Got an error reading communication packets)
2026-05-22 16:23:08 139 [Warning] Aborted connection 139 to db: 'unconnected' user: 'unauthenticated' host: 'localhost' (This connection closed normally without authentication)
2026-05-22 16:23:12 140 [Warning] Aborted connection 140 to db: 'unconnected' user: 'unauthenticated' host: 'localhost' (Got an error reading communication packets)
2026-05-22 16:23:12 140 [Warning] Aborted connection 140 to db: 'unconnected' user: 'unauthenticated' host: 'localhost' (This connection closed normally without authentication)
2026-05-22 16:23:12 141 [Warning] Aborted connection 141 to db: 'unconnected' user: 'unauthenticated' host: 'localhost' (Got an error reading communication packets)
2026-05-22 16:23:12 141 [Warning] Aborted connection 141 to db: 'unconnected' user: 'unauthenticated' host: 'localhost' (This connection closed normally without authentication)
2026-05-22 16:23:13 142 [Warning] Aborted connection 142 to db: 'unconnected' user: 'unauthenticated' host: 'localhost' (Got an error reading communication packets)
2026-05-22 16:23:13 142 [Warning] Aborted connection 142 to db: 'unconnected' user: 'unauthenticated' host: 'localhost' (This connection closed normally without authentication)
2026-05-22 16:23:14 143 [Warning] Aborted connection 143 to db: 'unconnected' user: 'unauthenticated' host: 'localhost' (Got an error reading communication packets)
2026-05-22 16:23:14 143 [Warning] Aborted connection 143 to db: 'unconnected' user: 'unauthenticated' host: 'localhost' (This connection closed normally without authentication)
2026-05-22 16:23:17 144 [Warning] Aborted connection 144 to db: 'unconnected' user: 'unauthenticated' host: 'localhost' (Got an error reading communication packets)
2026-05-22 16:23:17 144 [Warning] Aborted connection 144 to db: 'unconnected' user: 'unauthenticated' host: 'localhost' (This connection closed normally without authentication)
2026-05-22 16:23:18 145 [Warning] Aborted connection 145 to db: 'unconnected' user: 'unauthenticated' host: 'localhost' (Got an error reading communication packets)
2026-05-22 16:23:18 145 [Warning] Aborted connection 145 to db: 'unconnected' user: 'unauthenticated' host: 'localhost' (This connection closed normally without authentication)
2026-05-22 16:23:21 146 [Warning] Aborted connection 146 to db: 'unconnected' user: 'unauthenticated' host: 'localhost' (Got an error reading communication packets)
2026-05-22 16:23:21 146 [Warning] Aborted connection 146 to db: 'unconnected' user: 'unauthenticated' host: 'localhost' (This connection closed normally without authentication)
2026-05-22 16:23:21 147 [Warning] Aborted connection 147 to db: 'unconnected' user: 'unauthenticated' host: 'localhost' (Got an error reading communication packets)
2026-05-22 16:23:21 147 [Warning] Aborted connection 147 to db: 'unconnected' user: 'unauthenticated' host: 'localhost' (This connection closed normally without authentication)
2026-05-22 16:23:25 148 [Warning] Aborted connection 148 to db: 'unconnected' user: 'unauthenticated' host: 'localhost' (Got an error reading communication packets)
2026-05-22 16:23:25 148 [Warning] Aborted connection 148 to db: 'unconnected' user: 'unauthenticated' host: 'localhost' (This connection closed normally without authentication)
2026-05-22 16:23:26 149 [Warning] Aborted connection 149 to db: 'unconnected' user: 'unauthenticated' host: 'localhost' (Got an error reading communication packets)
2026-05-22 16:23:26 149 [Warning] Aborted connection 149 to db: 'unconnected' user: 'unauthenticated' host: 'localhost' (This connection closed normally without authentication)
2026-05-22 16:23:29 150 [Warning] Aborted connection 150 to db: 'unconnected' user: 'unauthenticated' host: 'localhost' (Got an error reading communication packets)
2026-05-22 16:23:29 150 [Warning] Aborted connection 150 to db: 'unconnected' user: 'unauthenticated' host: 'localhost' (This connection closed normally without authentication)
2026-05-22 16:23:30 151 [Warning] Aborted connection 151 to db: 'unconnected' user: 'unauthenticated' host: 'localhost' (Got an error reading communication packets)
2026-05-22 16:23:30 151 [Warning] Aborted connection 151 to db: 'unconnected' user: 'unauthenticated' host: 'localhost' (This connection closed normally without authentication)
2026-05-22 16:23:34 152 [Warning] Aborted connection 152 to db: 'unconnected' user: 'unauthenticated' host: 'localhost' (Got an error reading communication packets)
2026-05-22 16:23:34 152 [Warning] Aborted connection 152 to db: 'unconnected' user: 'unauthenticated' host: 'localhost' (This connection closed normally without authentication)
2026-05-22 16:23:34 153 [Warning] Aborted connection 153 to db: 'unconnected' user: 'unauthenticated' host: 'localhost' (Got an error reading communication packets)
2026-05-22 16:23:34 153 [Warning] Aborted connection 153 to db: 'unconnected' user: 'unauthenticated' host: 'localhost' (This connection closed normally without authentication)
2026-05-22 16:23:38 154 [Warning] Aborted connection 154 to db: 'unconnected' user: 'unauthenticated' host: 'localhost' (Got an error reading communication packets)
2026-05-22 16:23:38 154 [Warning] Aborted connection 154 to db: 'unconnected' user: 'unauthenticated' host: 'localhost' (This connection closed normally without authentication)
2026-05-22 16:23:38 155 [Warning] Aborted connection 155 to db: 'unconnected' user: 'unauthenticated' host: 'localhost' (Got an error reading communication packets)
2026-05-22 16:23:38 155 [Warning] Aborted connection 155 to db: 'unconnected' user: 'unauthenticated' host: 'localhost' (This connection closed normally without authentication)
2026-05-22 16:23:42 156 [Warning] Aborted connection 156 to db: 'unconnected' user: 'unauthenticated' host: 'localhost' (Got an error reading communication packets)
2026-05-22 16:23:42 156 [Warning] Aborted connection 156 to db: 'unconnected' user: 'unauthenticated' host: 'localhost' (This connection closed normally without authentication)
2026-05-22 16:23:42 157 [Warning] Aborted connection 157 to db: 'unconnected' user: 'unauthenticated' host: 'localhost' (Got an error reading communication packets)
2026-05-22 16:23:42 157 [Warning] Aborted connection 157 to db: 'unconnected' user: 'unauthenticated' host: 'localhost' (This connection closed normally without authentication)
2026-05-22 16:23:46 158 [Warning] Aborted connection 158 to db: 'unconnected' user: 'unauthenticated' host: 'localhost' (Got an error reading communication packets)
2026-05-22 16:23:46 158 [Warning] Aborted connection 158 to db: 'unconnected' user: 'unauthenticated' host: 'localhost' (This connection closed normally without authentication)
2026-05-22 16:23:47 159 [Warning] Aborted connection 159 to db: 'unconnected' user: 'unauthenticated' host: 'localhost' (Got an error reading communication packets)
2026-05-22 16:23:47 159 [Warning] Aborted connection 159 to db: 'unconnected' user: 'unauthenticated' host: 'localhost' (This connection closed normally without authentication)
2026-05-22 16:23:50 160 [Warning] Aborted connection 160 to db: 'unconnected' user: 'unauthenticated' host: 'localhost' (Got an error reading communication packets)
2026-05-22 16:23:50 160 [Warning] Aborted connection 160 to db: 'unconnected' user: 'unauthenticated' host: 'localhost' (This connection closed normally without authentication)
2026-05-22 16:23:50 161 [Warning] Aborted connection 161 to db: 'unconnected' user: 'unauthenticated' host: 'localhost' (Got an error reading communication packets)
2026-05-22 16:23:50 161 [Warning] Aborted connection 161 to db: 'unconnected' user: 'unauthenticated' host: 'localhost' (This connection closed normally without authentication)
2026-05-22 16:23:53 162 [Warning] Aborted connection 162 to db: 'unconnected' user: 'unauthenticated' host: 'localhost' (Got an error reading communication packets)
2026-05-22 16:23:53 162 [Warning] Aborted connection 162 to db: 'unconnected' user: 'unauthenticated' host: 'localhost' (This connection closed normally without authentication)
2026-05-22 16:23:54 163 [Warning] Aborted connection 163 to db: 'unconnected' user: 'unauthenticated' host: 'localhost' (Got an error reading communication packets)
2026-05-22 16:23:54 163 [Warning] Aborted connection 163 to db: 'unconnected' user: 'unauthenticated' host: 'localhost' (This connection closed normally without authentication)
2026-05-22 16:23:57 164 [Warning] Aborted connection 164 to db: 'unconnected' user: 'unauthenticated' host: 'localhost' (Got an error reading communication packets)
2026-05-22 16:23:57 164 [Warning] Aborted connection 164 to db: 'unconnected' user: 'unauthenticated' host: 'localhost' (This connection closed normally without authentication)
2026-05-22 16:23:58 165 [Warning] Aborted connection 165 to db: 'unconnected' user: 'unauthenticated' host: 'localhost' (Got an error reading communication packets)
2026-05-22 16:23:58 165 [Warning] Aborted connection 165 to db: 'unconnected' user: 'unauthenticated' host: 'localhost' (This connection closed normally without authentication)
2026-05-22 16:24:02 166 [Warning] Aborted connection 166 to db: 'unconnected' user: 'unauthenticated' host: 'localhost' (Got an error reading communication packets)
2026-05-22 16:24:02 166 [Warning] Aborted connection 166 to db: 'unconnected' user: 'unauthenticated' host: 'localhost' (This connection closed normally without authentication)
2026-05-22 16:24:02 167 [Warning] Aborted connection 167 to db: 'unconnected' user: 'unauthenticated' host: 'localhost' (Got an error reading communication packets)
2026-05-22 16:24:02 167 [Warning] Aborted connection 167 to db: 'unconnected' user: 'unauthenticated' host: 'localhost' (This connection closed normally without authentication)
2026-05-22 16:24:06 168 [Warning] Aborted connection 168 to db: 'unconnected' user: 'unauthenticated' host: 'localhost' (Got an error reading communication packets)
2026-05-22 16:24:06 168 [Warning] Aborted connection 168 to db: 'unconnected' user: 'unauthenticated' host: 'localhost' (This connection closed normally without authentication)
2026-05-22 16:24:06 169 [Warning] Aborted connection 169 to db: 'unconnected' user: 'unauthenticated' host: 'localhost' (Got an error reading communication packets)
2026-05-22 16:24:06 169 [Warning] Aborted connection 169 to db: 'unconnected' user: 'unauthenticated' host: 'localhost' (This connection closed normally without authentication)
2026-05-22 16:24:10 170 [Warning] Aborted connection 170 to db: 'unconnected' user: 'unauthenticated' host: 'localhost' (Got an error reading communication packets)
2026-05-22 16:24:10 170 [Warning] Aborted connection 170 to db: 'unconnected' user: 'unauthenticated' host: 'localhost' (This connection closed normally without authentication)
2026-05-22 16:24:10 171 [Warning] Aborted connection 171 to db: 'unconnected' user: 'unauthenticated' host: 'localhost' (Got an error reading communication packets)
2026-05-22 16:24:10 171 [Warning] Aborted connection 171 to db: 'unconnected' user: 'unauthenticated' host: 'localhost' (This connection closed normally without authentication)
2026-05-22 16:24:14 172 [Warning] Aborted connection 172 to db: 'unconnected' user: 'unauthenticated' host: 'localhost' (Got an error reading communication packets)
2026-05-22 16:24:14 172 [Warning] Aborted connection 172 to db: 'unconnected' user: 'unauthenticated' host: 'localhost' (This connection closed normally without authentication)
2026-05-22 16:24:14 173 [Warning] Aborted connection 173 to db: 'unconnected' user: 'unauthenticated' host: 'localhost' (Got an error reading communication packets)
2026-05-22 16:24:14 173 [Warning] Aborted connection 173 to db: 'unconnected' user: 'unauthenticated' host: 'localhost' (This connection closed normally without authentication)
2026-05-22 16:24:18 174 [Warning] Aborted connection 174 to db: 'unconnected' user: 'unauthenticated' host: 'localhost' (Got an error reading communication packets)
2026-05-22 16:24:18 174 [Warning] Aborted connection 174 to db: 'unconnected' user: 'unauthenticated' host: 'localhost' (This connection closed normally without authentication)
2026-05-22 16:24:18 175 [Warning] Aborted connection 175 to db: 'unconnected' user: 'unauthenticated' host: 'localhost' (Got an error reading communication packets)
2026-05-22 16:24:18 175 [Warning] Aborted connection 175 to db: 'unconnected' user: 'unauthenticated' host: 'localhost' (This connection closed normally without authentication)
2026-05-22 16:24:22 176 [Warning] Aborted connection 176 to db: 'unconnected' user: 'unauthenticated' host: 'localhost' (Got an error reading communication packets)
2026-05-22 16:24:22 176 [Warning] Aborted connection 176 to db: 'unconnected' user: 'unauthenticated' host: 'localhost' (This connection closed normally without authentication)
2026-05-22 16:24:22 177 [Warning] Aborted connection 177 to db: 'unconnected' user: 'unauthenticated' host: 'localhost' (Got an error reading communication packets)
2026-05-22 16:24:22 177 [Warning] Aborted connection 177 to db: 'unconnected' user: 'unauthenticated' host: 'localhost' (This connection closed normally without authentication)
2026-05-22 16:24:26 178 [Warning] Aborted connection 178 to db: 'unconnected' user: 'unauthenticated' host: 'localhost' (Got an error reading communication packets)
2026-05-22 16:24:26 178 [Warning] Aborted connection 178 to db: 'unconnected' user: 'unauthenticated' host: 'localhost' (This connection closed normally without authentication)
2026-05-22 16:24:26 179 [Warning] Aborted connection 179 to db: 'unconnected' user: 'unauthenticated' host: 'localhost' (Got an error reading communication packets)
2026-05-22 16:24:26 179 [Warning] Aborted connection 179 to db: 'unconnected' user: 'unauthenticated' host: 'localhost' (This connection closed normally without authentication)
2026-05-22 16:24:30 180 [Warning] Aborted connection 180 to db: 'unconnected' user: 'unauthenticated' host: 'localhost' (Got an error reading communication packets)
2026-05-22 16:24:30 180 [Warning] Aborted connection 180 to db: 'unconnected' user: 'unauthenticated' host: 'localhost' (This connection closed normally without authentication)
2026-05-22 16:24:30 181 [Warning] Aborted connection 181 to db: 'unconnected' user: 'unauthenticated' host: 'localhost' (Got an error reading communication packets)
2026-05-22 16:24:30 181 [Warning] Aborted connection 181 to db: 'unconnected' user: 'unauthenticated' host: 'localhost' (This connection closed normally without authentication)
2026-05-22 16:24:34 182 [Warning] Aborted connection 182 to db: 'unconnected' user: 'unauthenticated' host: 'localhost' (Got an error reading communication packets)
2026-05-22 16:24:34 182 [Warning] Aborted connection 182 to db: 'unconnected' user: 'unauthenticated' host: 'localhost' (This connection closed normally without authentication)
2026-05-22 16:24:34 183 [Warning] Aborted connection 183 to db: 'unconnected' user: 'unauthenticated' host: 'localhost' (Got an error reading communication packets)
2026-05-22 16:24:34 183 [Warning] Aborted connection 183 to db: 'unconnected' user: 'unauthenticated' host: 'localhost' (This connection closed normally without authentication)
2026-05-22 16:24:38 184 [Warning] Aborted connection 184 to db: 'unconnected' user: 'unauthenticated' host: 'localhost' (Got an error reading communication packets)
2026-05-22 16:24:38 184 [Warning] Aborted connection 184 to db: 'unconnected' user: 'unauthenticated' host: 'localhost' (This connection closed normally without authentication)
2026-05-22 16:24:38 185 [Warning] Aborted connection 185 to db: 'unconnected' user: 'unauthenticated' host: 'localhost' (Got an error reading communication packets)
2026-05-22 16:24:38 185 [Warning] Aborted connection 185 to db: 'unconnected' user: 'unauthenticated' host: 'localhost' (This connection closed normally without authentication)
2026-05-22 16:24:42 186 [Warning] Aborted connection 186 to db: 'unconnected' user: 'unauthenticated' host: 'localhost' (Got an error reading communication packets)
2026-05-22 16:24:42 186 [Warning] Aborted connection 186 to db: 'unconnected' user: 'unauthenticated' host: 'localhost' (This connection closed normally without authentication)
2026-05-22 16:24:42 187 [Warning] Aborted connection 187 to db: 'unconnected' user: 'unauthenticated' host: 'localhost' (Got an error reading communication packets)
2026-05-22 16:24:42 187 [Warning] Aborted connection 187 to db: 'unconnected' user: 'unauthenticated' host: 'localhost' (This connection closed normally without authentication)
2026-05-22 16:24:46 188 [Warning] Aborted connection 188 to db: 'unconnected' user: 'unauthenticated' host: 'localhost' (Got an error reading communication packets)
2026-05-22 16:24:46 188 [Warning] Aborted connection 188 to db: 'unconnected' user: 'unauthenticated' host: 'localhost' (This connection closed normally without authentication)
2026-05-22 16:24:46 189 [Warning] Aborted connection 189 to db: 'unconnected' user: 'unauthenticated' host: 'localhost' (Got an error reading communication packets)
2026-05-22 16:24:46 189 [Warning] Aborted connection 189 to db: 'unconnected' user: 'unauthenticated' host: 'localhost' (This connection closed normally without authentication)
2026-05-22 16:24:50 190 [Warning] Aborted connection 190 to db: 'unconnected' user: 'unauthenticated' host: 'localhost' (Got an error reading communication packets)
2026-05-22 16:24:50 190 [Warning] Aborted connection 190 to db: 'unconnected' user: 'unauthenticated' host: 'localhost' (This connection closed normally without authentication)
2026-05-22 16:24:50 191 [Warning] Aborted connection 191 to db: 'unconnected' user: 'unauthenticated' host: 'localhost' (Got an error reading communication packets)
2026-05-22 16:24:50 191 [Warning] Aborted connection 191 to db: 'unconnected' user: 'unauthenticated' host: 'localhost' (This connection closed normally without authentication)
2026-05-22 16:24:54 192 [Warning] Aborted connection 192 to db: 'unconnected' user: 'unauthenticated' host: 'localhost' (Got an error reading communication packets)
2026-05-22 16:24:54 192 [Warning] Aborted connection 192 to db: 'unconnected' user: 'unauthenticated' host: 'localhost' (This connection closed normally without authentication)
2026-05-22 16:24:54 193 [Warning] Aborted connection 193 to db: 'unconnected' user: 'unauthenticated' host: 'localhost' (Got an error reading communication packets)
2026-05-22 16:24:54 193 [Warning] Aborted connection 193 to db: 'unconnected' user: 'unauthenticated' host: 'localhost' (This connection closed normally without authentication)
2026-05-22 16:24:58 194 [Warning] Aborted connection 194 to db: 'unconnected' user: 'unauthenticated' host: 'localhost' (Got an error reading communication packets)
2026-05-22 16:24:58 194 [Warning] Aborted connection 194 to db: 'unconnected' user: 'unauthenticated' host: 'localhost' (This connection closed normally without authentication)
2026-05-22 16:24:58 195 [Warning] Aborted connection 195 to db: 'unconnected' user: 'unauthenticated' host: 'localhost' (Got an error reading communication packets)
2026-05-22 16:24:58 195 [Warning] Aborted connection 195 to db: 'unconnected' user: 'unauthenticated' host: 'localhost' (This connection closed normally without authentication)
2026-05-22 16:25:08 196 [Warning] Aborted connection 196 to db: 'unconnected' user: 'unauthenticated' host: 'localhost' (Got an error reading communication packets)
2026-05-22 16:25:08 196 [Warning] Aborted connection 196 to db: 'unconnected' user: 'unauthenticated' host: 'localhost' (This connection closed normally without authentication)
2026-05-22 16:25:08 197 [Warning] Aborted connection 197 to db: 'unconnected' user: 'unauthenticated' host: 'localhost' (Got an error reading communication packets)
2026-05-22 16:25:08 197 [Warning] Aborted connection 197 to db: 'unconnected' user: 'unauthenticated' host: 'localhost' (This connection closed normally without authentication)
2026-05-22 16:26:08 198 [Warning] Aborted connection 198 to db: 'unconnected' user: 'unauthenticated' host: 'localhost' (Got an error reading communication packets)
2026-05-22 16:26:08 198 [Warning] Aborted connection 198 to db: 'unconnected' user: 'unauthenticated' host: 'localhost' (This connection closed normally without authentication)
2026-05-22 16:26:08 199 [Warning] Aborted connection 199 to db: 'unconnected' user: 'unauthenticated' host: 'localhost' (Got an error reading communication packets)
2026-05-22 16:26:08 199 [Warning] Aborted connection 199 to db: 'unconnected' user: 'unauthenticated' host: 'localhost' (This connection closed normally without authentication)
2026-05-22 16:26:10 200 [Warning] Aborted connection 200 to db: 'unconnected' user: 'unauthenticated' host: 'localhost' (Got an error reading communication packets)
2026-05-22 16:26:10 200 [Warning] Aborted connection 200 to db: 'unconnected' user: 'unauthenticated' host: 'localhost' (This connection closed normally without authentication)
2026-05-22 16:26:10 201 [Warning] Aborted connection 201 to db: 'unconnected' user: 'unauthenticated' host: 'localhost' (Got an error reading communication packets)
2026-05-22 16:26:10 201 [Warning] Aborted connection 201 to db: 'unconnected' user: 'unauthenticated' host: 'localhost' (This connection closed normally without authentication)
2026-05-22 16:26:14 202 [Warning] Aborted connection 202 to db: 'unconnected' user: 'unauthenticated' host: 'localhost' (Got an error reading communication packets)
2026-05-22 16:26:14 202 [Warning] Aborted connection 202 to db: 'unconnected' user: 'unauthenticated' host: 'localhost' (This connection closed normally without authentication)
2026-05-22 16:26:14 203 [Warning] Aborted connection 203 to db: 'unconnected' user: 'unauthenticated' host: 'localhost' (Got an error reading communication packets)
2026-05-22 16:26:14 203 [Warning] Aborted connection 203 to db: 'unconnected' user: 'unauthenticated' host: 'localhost' (This connection closed normally without authentication)
2026-05-22 16:26:18 204 [Warning] Aborted connection 204 to db: 'unconnected' user: 'unauthenticated' host: 'localhost' (Got an error reading communication packets)
2026-05-22 16:26:18 204 [Warning] Aborted connection 204 to db: 'unconnected' user: 'unauthenticated' host: 'localhost' (This connection closed normally without authentication)
2026-05-22 16:26:18 205 [Warning] Aborted connection 205 to db: 'unconnected' user: 'unauthenticated' host: 'localhost' (Got an error reading communication packets)
2026-05-22 16:26:18 205 [Warning] Aborted connection 205 to db: 'unconnected' user: 'unauthenticated' host: 'localhost' (This connection closed normally without authentication)
2026-05-22 16:26:22 206 [Warning] Aborted connection 206 to db: 'unconnected' user: 'unauthenticated' host: 'localhost' (Got an error reading communication packets)
2026-05-22 16:26:22 206 [Warning] Aborted connection 206 to db: 'unconnected' user: 'unauthenticated' host: 'localhost' (This connection closed normally without authentication)
2026-05-22 16:26:22 207 [Warning] Aborted connection 207 to db: 'unconnected' user: 'unauthenticated' host: 'localhost' (Got an error reading communication packets)
2026-05-22 16:26:22 207 [Warning] Aborted connection 207 to db: 'unconnected' user: 'unauthenticated' host: 'localhost' (This connection closed normally without authentication)
2026-05-22 16:26:26 208 [Warning] Aborted connection 208 to db: 'unconnected' user: 'unauthenticated' host: 'localhost' (Got an error reading communication packets)
2026-05-22 16:26:26 208 [Warning] Aborted connection 208 to db: 'unconnected' user: 'unauthenticated' host: 'localhost' (This connection closed normally without authentication)
2026-05-22 16:26:26 209 [Warning] Aborted connection 209 to db: 'unconnected' user: 'unauthenticated' host: 'localhost' (Got an error reading communication packets)
2026-05-22 16:26:26 209 [Warning] Aborted connection 209 to db: 'unconnected' user: 'unauthenticated' host: 'localhost' (This connection closed normally without authentication)
2026-05-22 16:26:30 210 [Warning] Aborted connection 210 to db: 'unconnected' user: 'unauthenticated' host: 'localhost' (Got an error reading communication packets)
2026-05-22 16:26:30 210 [Warning] Aborted connection 210 to db: 'unconnected' user: 'unauthenticated' host: 'localhost' (This connection closed normally without authentication)
2026-05-22 16:26:30 211 [Warning] Aborted connection 211 to db: 'unconnected' user: 'unauthenticated' host: 'localhost' (Got an error reading communication packets)
2026-05-22 16:26:30 211 [Warning] Aborted connection 211 to db: 'unconnected' user: 'unauthenticated' host: 'localhost' (This connection closed normally without authentication)
2026-05-22 16:26:34 212 [Warning] Aborted connection 212 to db: 'unconnected' user: 'unauthenticated' host: 'localhost' (Got an error reading communication packets)
2026-05-22 16:26:34 212 [Warning] Aborted connection 212 to db: 'unconnected' user: 'unauthenticated' host: 'localhost' (This connection closed normally without authentication)
2026-05-22 16:26:34 213 [Warning] Aborted connection 213 to db: 'unconnected' user: 'unauthenticated' host: 'localhost' (Got an error reading communication packets)
2026-05-22 16:26:34 213 [Warning] Aborted connection 213 to db: 'unconnected' user: 'unauthenticated' host: 'localhost' (This connection closed normally without authentication)
2026-05-22 16:26:38 214 [Warning] Aborted connection 214 to db: 'unconnected' user: 'unauthenticated' host: 'localhost' (Got an error reading communication packets)
2026-05-22 16:26:38 214 [Warning] Aborted connection 214 to db: 'unconnected' user: 'unauthenticated' host: 'localhost' (This connection closed normally without authentication)
2026-05-22 16:26:38 215 [Warning] Aborted connection 215 to db: 'unconnected' user: 'unauthenticated' host: 'localhost' (Got an error reading communication packets)
2026-05-22 16:26:38 215 [Warning] Aborted connection 215 to db: 'unconnected' user: 'unauthenticated' host: 'localhost' (This connection closed normally without authentication)
2026-05-22 16:26:42 216 [Warning] Aborted connection 216 to db: 'unconnected' user: 'unauthenticated' host: 'localhost' (Got an error reading communication packets)
2026-05-22 16:26:42 216 [Warning] Aborted connection 216 to db: 'unconnected' user: 'unauthenticated' host: 'localhost' (This connection closed normally without authentication)
2026-05-22 16:26:42 217 [Warning] Aborted connection 217 to db: 'unconnected' user: 'unauthenticated' host: 'localhost' (Got an error reading communication packets)
2026-05-22 16:26:42 217 [Warning] Aborted connection 217 to db: 'unconnected' user: 'unauthenticated' host: 'localhost' (This connection closed normally without authentication)
2026-05-22 16:26:46 218 [Warning] Aborted connection 218 to db: 'unconnected' user: 'unauthenticated' host: 'localhost' (Got an error reading communication packets)
2026-05-22 16:26:46 218 [Warning] Aborted connection 218 to db: 'unconnected' user: 'unauthenticated' host: 'localhost' (This connection closed normally without authentication)
2026-05-22 16:26:47 219 [Warning] Aborted connection 219 to db: 'unconnected' user: 'unauthenticated' host: 'localhost' (Got an error reading communication packets)
2026-05-22 16:26:47 219 [Warning] Aborted connection 219 to db: 'unconnected' user: 'unauthenticated' host: 'localhost' (This connection closed normally without authentication)
2026-05-22 16:26:50 220 [Warning] Aborted connection 220 to db: 'unconnected' user: 'unauthenticated' host: 'localhost' (Got an error reading communication packets)
2026-05-22 16:26:50 220 [Warning] Aborted connection 220 to db: 'unconnected' user: 'unauthenticated' host: 'localhost' (This connection closed normally without authentication)
2026-05-22 16:26:50 221 [Warning] Aborted connection 221 to db: 'unconnected' user: 'unauthenticated' host: 'localhost' (Got an error reading communication packets)
2026-05-22 16:26:50 221 [Warning] Aborted connection 221 to db: 'unconnected' user: 'unauthenticated' host: 'localhost' (This connection closed normally without authentication)
2026-05-22 16:26:54 222 [Warning] Aborted connection 222 to db: 'unconnected' user: 'unauthenticated' host: 'localhost' (Got an error reading communication packets)
2026-05-22 16:26:54 222 [Warning] Aborted connection 222 to db: 'unconnected' user: 'unauthenticated' host: 'localhost' (This connection closed normally without authentication)
2026-05-22 16:26:54 223 [Warning] Aborted connection 223 to db: 'unconnected' user: 'unauthenticated' host: 'localhost' (Got an error reading communication packets)
2026-05-22 16:26:54 223 [Warning] Aborted connection 223 to db: 'unconnected' user: 'unauthenticated' host: 'localhost' (This connection closed normally without authentication)
2026-05-22 16:26:58 224 [Warning] Aborted connection 224 to db: 'unconnected' user: 'unauthenticated' host: 'localhost' (Got an error reading communication packets)
2026-05-22 16:26:58 224 [Warning] Aborted connection 224 to db: 'unconnected' user: 'unauthenticated' host: 'localhost' (This connection closed normally without authentication)
2026-05-22 16:26:58 225 [Warning] Aborted connection 225 to db: 'unconnected' user: 'unauthenticated' host: 'localhost' (Got an error reading communication packets)
2026-05-22 16:26:58 225 [Warning] Aborted connection 225 to db: 'unconnected' user: 'unauthenticated' host: 'localhost' (This connection closed normally without authentication)
2026-05-22 16:27:02 226 [Warning] Aborted connection 226 to db: 'unconnected' user: 'unauthenticated' host: 'localhost' (Got an error reading communication packets)
2026-05-22 16:27:02 226 [Warning] Aborted connection 226 to db: 'unconnected' user: 'unauthenticated' host: 'localhost' (This connection closed normally without authentication)
2026-05-22 16:27:02 227 [Warning] Aborted connection 227 to db: 'unconnected' user: 'unauthenticated' host: 'localhost' (Got an error reading communication packets)
2026-05-22 16:27:02 227 [Warning] Aborted connection 227 to db: 'unconnected' user: 'unauthenticated' host: 'localhost' (This connection closed normally without authentication)
2026-05-22 16:27:06 228 [Warning] Aborted connection 228 to db: 'unconnected' user: 'unauthenticated' host: 'localhost' (Got an error reading communication packets)
2026-05-22 16:27:06 228 [Warning] Aborted connection 228 to db: 'unconnected' user: 'unauthenticated' host: 'localhost' (This connection closed normally without authentication)
2026-05-22 16:27:06 229 [Warning] Aborted connection 229 to db: 'unconnected' user: 'unauthenticated' host: 'localhost' (Got an error reading communication packets)
2026-05-22 16:27:06 229 [Warning] Aborted connection 229 to db: 'unconnected' user: 'unauthenticated' host: 'localhost' (This connection closed normally without authentication)
2026-05-22 16:27:10 230 [Warning] Aborted connection 230 to db: 'unconnected' user: 'unauthenticated' host: 'localhost' (Got an error reading communication packets)
2026-05-22 16:27:10 230 [Warning] Aborted connection 230 to db: 'unconnected' user: 'unauthenticated' host: 'localhost' (This connection closed normally without authentication)
2026-05-22 16:27:10 231 [Warning] Aborted connection 231 to db: 'unconnected' user: 'unauthenticated' host: 'localhost' (Got an error reading communication packets)
2026-05-22 16:27:10 231 [Warning] Aborted connection 231 to db: 'unconnected' user: 'unauthenticated' host: 'localhost' (This connection closed normally without authentication)
2026-05-22 16:30:03 232 [Warning] Aborted connection 232 to db: 'unconnected' user: 'unauthenticated' host: 'localhost' (Got an error reading communication packets)
2026-05-22 16:30:03 232 [Warning] Aborted connection 232 to db: 'unconnected' user: 'unauthenticated' host: 'localhost' (This connection closed normally without authentication)
2026-05-22 16:30:03 233 [Warning] Aborted connection 233 to db: 'unconnected' user: 'unauthenticated' host: 'localhost' (Got an error reading communication packets)
2026-05-22 16:30:03 233 [Warning] Aborted connection 233 to db: 'unconnected' user: 'unauthenticated' host: 'localhost' (This connection closed normally without authentication)
2026-05-22 16:33:15 234 [Warning] Aborted connection 234 to db: 'unconnected' user: 'unauthenticated' host: 'localhost' (Got an error reading communication packets)
2026-05-22 16:33:15 234 [Warning] Aborted connection 234 to db: 'unconnected' user: 'unauthenticated' host: 'localhost' (This connection closed normally without authentication)
2026-05-22 16:33:15 235 [Warning] Aborted connection 235 to db: 'unconnected' user: 'unauthenticated' host: 'localhost' (Got an error reading communication packets)
2026-05-22 16:33:15 235 [Warning] Aborted connection 235 to db: 'unconnected' user: 'unauthenticated' host: 'localhost' (This connection closed normally without authentication)
2026-05-22 16:33:36 236 [Warning] Aborted connection 236 to db: 'unconnected' user: 'unauthenticated' host: 'localhost' (Got an error reading communication packets)
2026-05-22 16:33:36 236 [Warning] Aborted connection 236 to db: 'unconnected' user: 'unauthenticated' host: 'localhost' (This connection closed normally without authentication)
2026-05-22 16:33:37 237 [Warning] Aborted connection 237 to db: 'unconnected' user: 'unauthenticated' host: 'localhost' (Got an error reading communication packets)
2026-05-22 16:33:37 237 [Warning] Aborted connection 237 to db: 'unconnected' user: 'unauthenticated' host: 'localhost' (This connection closed normally without authentication)
2026-05-22 16:33:38 238 [Warning] Aborted connection 238 to db: 'unconnected' user: 'unauthenticated' host: 'localhost' (Got an error reading communication packets)
2026-05-22 16:33:38 238 [Warning] Aborted connection 238 to db: 'unconnected' user: 'unauthenticated' host: 'localhost' (This connection closed normally without authentication)
2026-05-22 16:33:38 239 [Warning] Aborted connection 239 to db: 'unconnected' user: 'unauthenticated' host: 'localhost' (Got an error reading communication packets)
2026-05-22 16:33:38 239 [Warning] Aborted connection 239 to db: 'unconnected' user: 'unauthenticated' host: 'localhost' (This connection closed normally without authentication)
2026-05-22 16:33:41 240 [Warning] Aborted connection 240 to db: 'unconnected' user: 'unauthenticated' host: 'localhost' (Got an error reading communication packets)
2026-05-22 16:33:41 240 [Warning] Aborted connection 240 to db: 'unconnected' user: 'unauthenticated' host: 'localhost' (This connection closed normally without authentication)
2026-05-22 16:33:41 241 [Warning] Aborted connection 241 to db: 'unconnected' user: 'unauthenticated' host: 'localhost' (Got an error reading communication packets)
2026-05-22 16:33:41 241 [Warning] Aborted connection 241 to db: 'unconnected' user: 'unauthenticated' host: 'localhost' (This connection closed normally without authentication)
2026-05-22 16:33:46 242 [Warning] Aborted connection 242 to db: 'unconnected' user: 'unauthenticated' host: 'localhost' (Got an error reading communication packets)
2026-05-22 16:33:46 242 [Warning] Aborted connection 242 to db: 'unconnected' user: 'unauthenticated' host: 'localhost' (This connection closed normally without authentication)
2026-05-22 16:33:46 243 [Warning] Aborted connection 243 to db: 'unconnected' user: 'unauthenticated' host: 'localhost' (Got an error reading communication packets)
2026-05-22 16:33:46 243 [Warning] Aborted connection 243 to db: 'unconnected' user: 'unauthenticated' host: 'localhost' (This connection closed normally without authentication)
2026-05-22 16:33:50 244 [Warning] Aborted connection 244 to db: 'unconnected' user: 'unauthenticated' host: 'localhost' (Got an error reading communication packets)
2026-05-22 16:33:50 244 [Warning] Aborted connection 244 to db: 'unconnected' user: 'unauthenticated' host: 'localhost' (This connection closed normally without authentication)
2026-05-22 16:33:50 245 [Warning] Aborted connection 245 to db: 'unconnected' user: 'unauthenticated' host: 'localhost' (Got an error reading communication packets)
2026-05-22 16:33:50 245 [Warning] Aborted connection 245 to db: 'unconnected' user: 'unauthenticated' host: 'localhost' (This connection closed normally without authentication)
2026-05-22 16:33:54 246 [Warning] Aborted connection 246 to db: 'unconnected' user: 'unauthenticated' host: 'localhost' (Got an error reading communication packets)
2026-05-22 16:33:54 246 [Warning] Aborted connection 246 to db: 'unconnected' user: 'unauthenticated' host: 'localhost' (This connection closed normally without authentication)
2026-05-22 16:33:54 247 [Warning] Aborted connection 247 to db: 'unconnected' user: 'unauthenticated' host: 'localhost' (Got an error reading communication packets)
2026-05-22 16:33:54 247 [Warning] Aborted connection 247 to db: 'unconnected' user: 'unauthenticated' host: 'localhost' (This connection closed normally without authentication)
2026-05-22 16:33:58 248 [Warning] Aborted connection 248 to db: 'unconnected' user: 'unauthenticated' host: 'localhost' (Got an error reading communication packets)
2026-05-22 16:33:58 248 [Warning] Aborted connection 248 to db: 'unconnected' user: 'unauthenticated' host: 'localhost' (This connection closed normally without authentication)
2026-05-22 16:33:58 249 [Warning] Aborted connection 249 to db: 'unconnected' user: 'unauthenticated' host: 'localhost' (Got an error reading communication packets)
2026-05-22 16:33:58 249 [Warning] Aborted connection 249 to db: 'unconnected' user: 'unauthenticated' host: 'localhost' (This connection closed normally without authentication)
2026-05-22 16:34:01 250 [Warning] Aborted connection 250 to db: 'unconnected' user: 'unauthenticated' host: 'localhost' (Got an error reading communication packets)
2026-05-22 16:34:01 250 [Warning] Aborted connection 250 to db: 'unconnected' user: 'unauthenticated' host: 'localhost' (This connection closed normally without authentication)
2026-05-22 16:34:02 251 [Warning] Aborted connection 251 to db: 'unconnected' user: 'unauthenticated' host: 'localhost' (Got an error reading communication packets)
2026-05-22 16:34:02 251 [Warning] Aborted connection 251 to db: 'unconnected' user: 'unauthenticated' host: 'localhost' (This connection closed normally without authentication)
2026-05-22 16:34:06 252 [Warning] Aborted connection 252 to db: 'unconnected' user: 'unauthenticated' host: 'localhost' (Got an error reading communication packets)
2026-05-22 16:34:06 252 [Warning] Aborted connection 252 to db: 'unconnected' user: 'unauthenticated' host: 'localhost' (This connection closed normally without authentication)
2026-05-22 16:34:06 253 [Warning] Aborted connection 253 to db: 'unconnected' user: 'unauthenticated' host: 'localhost' (Got an error reading communication packets)
2026-05-22 16:34:06 253 [Warning] Aborted connection 253 to db: 'unconnected' user: 'unauthenticated' host: 'localhost' (This connection closed normally without authentication)
2026-05-22 16:34:10 254 [Warning] Aborted connection 254 to db: 'unconnected' user: 'unauthenticated' host: 'localhost' (Got an error reading communication packets)
2026-05-22 16:34:10 254 [Warning] Aborted connection 254 to db: 'unconnected' user: 'unauthenticated' host: 'localhost' (This connection closed normally without authentication)
2026-05-22 16:34:10 255 [Warning] Aborted connection 255 to db: 'unconnected' user: 'unauthenticated' host: 'localhost' (Got an error reading communication packets)
2026-05-22 16:34:10 255 [Warning] Aborted connection 255 to db: 'unconnected' user: 'unauthenticated' host: 'localhost' (This connection closed normally without authentication)
2026-05-22 16:34:14 256 [Warning] Aborted connection 256 to db: 'unconnected' user: 'unauthenticated' host: 'localhost' (Got an error reading communication packets)
2026-05-22 16:34:14 256 [Warning] Aborted connection 256 to db: 'unconnected' user: 'unauthenticated' host: 'localhost' (This connection closed normally without authentication)
2026-05-22 16:34:14 257 [Warning] Aborted connection 257 to db: 'unconnected' user: 'unauthenticated' host: 'localhost' (Got an error reading communication packets)
2026-05-22 16:34:14 257 [Warning] Aborted connection 257 to db: 'unconnected' user: 'unauthenticated' host: 'localhost' (This connection closed normally without authentication)
2026-05-22 16:34:18 258 [Warning] Aborted connection 258 to db: 'unconnected' user: 'unauthenticated' host: 'localhost' (Got an error reading communication packets)
2026-05-22 16:34:18 258 [Warning] Aborted connection 258 to db: 'unconnected' user: 'unauthenticated' host: 'localhost' (This connection closed normally without authentication)
2026-05-22 16:34:18 259 [Warning] Aborted connection 259 to db: 'unconnected' user: 'unauthenticated' host: 'localhost' (Got an error reading communication packets)
2026-05-22 16:34:18 259 [Warning] Aborted connection 259 to db: 'unconnected' user: 'unauthenticated' host: 'localhost' (This connection closed normally without authentication)
2026-05-22 16:34:22 260 [Warning] Aborted connection 260 to db: 'unconnected' user: 'unauthenticated' host: 'localhost' (Got an error reading communication packets)
2026-05-22 16:34:22 260 [Warning] Aborted connection 260 to db: 'unconnected' user: 'unauthenticated' host: 'localhost' (This connection closed normally without authentication)
2026-05-22 16:34:22 261 [Warning] Aborted connection 261 to db: 'unconnected' user: 'unauthenticated' host: 'localhost' (Got an error reading communication packets)
2026-05-22 16:34:22 261 [Warning] Aborted connection 261 to db: 'unconnected' user: 'unauthenticated' host: 'localhost' (This connection closed normally without authentication)
2026-05-22 16:34:26 262 [Warning] Aborted connection 262 to db: 'unconnected' user: 'unauthenticated' host: 'localhost' (Got an error reading communication packets)
2026-05-22 16:34:26 262 [Warning] Aborted connection 262 to db: 'unconnected' user: 'unauthenticated' host: 'localhost' (This connection closed normally without authentication)
2026-05-22 16:34:26 263 [Warning] Aborted connection 263 to db: 'unconnected' user: 'unauthenticated' host: 'localhost' (Got an error reading communication packets)
2026-05-22 16:34:26 263 [Warning] Aborted connection 263 to db: 'unconnected' user: 'unauthenticated' host: 'localhost' (This connection closed normally without authentication)
2026-05-22 16:34:29 264 [Warning] Aborted connection 264 to db: 'unconnected' user: 'unauthenticated' host: 'localhost' (Got an error reading communication packets)
2026-05-22 16:34:29 264 [Warning] Aborted connection 264 to db: 'unconnected' user: 'unauthenticated' host: 'localhost' (This connection closed normally without authentication)
2026-05-22 16:34:30 265 [Warning] Aborted connection 265 to db: 'unconnected' user: 'unauthenticated' host: 'localhost' (Got an error reading communication packets)
2026-05-22 16:34:30 265 [Warning] Aborted connection 265 to db: 'unconnected' user: 'unauthenticated' host: 'localhost' (This connection closed normally without authentication)
2026-05-22 16:34:33 266 [Warning] Aborted connection 266 to db: 'unconnected' user: 'unauthenticated' host: 'localhost' (Got an error reading communication packets)
2026-05-22 16:34:33 266 [Warning] Aborted connection 266 to db: 'unconnected' user: 'unauthenticated' host: 'localhost' (This connection closed normally without authentication)
2026-05-22 16:34:34 267 [Warning] Aborted connection 267 to db: 'unconnected' user: 'unauthenticated' host: 'localhost' (Got an error reading communication packets)
2026-05-22 16:34:34 267 [Warning] Aborted connection 267 to db: 'unconnected' user: 'unauthenticated' host: 'localhost' (This connection closed normally without authentication)
2026-05-22 16:34:38 268 [Warning] Aborted connection 268 to db: 'unconnected' user: 'unauthenticated' host: 'localhost' (Got an error reading communication packets)
2026-05-22 16:34:38 268 [Warning] Aborted connection 268 to db: 'unconnected' user: 'unauthenticated' host: 'localhost' (This connection closed normally without authentication)
2026-05-22 16:34:38 269 [Warning] Aborted connection 269 to db: 'unconnected' user: 'unauthenticated' host: 'localhost' (Got an error reading communication packets)
2026-05-22 16:34:38 269 [Warning] Aborted connection 269 to db: 'unconnected' user: 'unauthenticated' host: 'localhost' (This connection closed normally without authentication)
2026-05-22 16:34:42 270 [Warning] Aborted connection 270 to db: 'unconnected' user: 'unauthenticated' host: 'localhost' (Got an error reading communication packets)
2026-05-22 16:34:42 270 [Warning] Aborted connection 270 to db: 'unconnected' user: 'unauthenticated' host: 'localhost' (This connection closed normally without authentication)
2026-05-22 16:34:42 271 [Warning] Aborted connection 271 to db: 'unconnected' user: 'unauthenticated' host: 'localhost' (Got an error reading communication packets)
2026-05-22 16:34:42 271 [Warning] Aborted connection 271 to db: 'unconnected' user: 'unauthenticated' host: 'localhost' (This connection closed normally without authentication)
2026-05-22 16:34:46 272 [Warning] Aborted connection 272 to db: 'unconnected' user: 'unauthenticated' host: 'localhost' (Got an error reading communication packets)
2026-05-22 16:34:46 272 [Warning] Aborted connection 272 to db: 'unconnected' user: 'unauthenticated' host: 'localhost' (This connection closed normally without authentication)
2026-05-22 16:34:46 273 [Warning] Aborted connection 273 to db: 'unconnected' user: 'unauthenticated' host: 'localhost' (Got an error reading communication packets)
2026-05-22 16:34:46 273 [Warning] Aborted connection 273 to db: 'unconnected' user: 'unauthenticated' host: 'localhost' (This connection closed normally without authentication)
2026-05-22 16:34:50 274 [Warning] Aborted connection 274 to db: 'unconnected' user: 'unauthenticated' host: 'localhost' (Got an error reading communication packets)
2026-05-22 16:34:50 274 [Warning] Aborted connection 274 to db: 'unconnected' user: 'unauthenticated' host: 'localhost' (This connection closed normally without authentication)
2026-05-22 16:34:50 275 [Warning] Aborted connection 275 to db: 'unconnected' user: 'unauthenticated' host: 'localhost' (Got an error reading communication packets)
2026-05-22 16:34:50 275 [Warning] Aborted connection 275 to db: 'unconnected' user: 'unauthenticated' host: 'localhost' (This connection closed normally without authentication)
2026-05-22 16:34:54 276 [Warning] Aborted connection 276 to db: 'unconnected' user: 'unauthenticated' host: 'localhost' (Got an error reading communication packets)
2026-05-22 16:34:54 276 [Warning] Aborted connection 276 to db: 'unconnected' user: 'unauthenticated' host: 'localhost' (This connection closed normally without authentication)
2026-05-22 16:34:54 277 [Warning] Aborted connection 277 to db: 'unconnected' user: 'unauthenticated' host: 'localhost' (Got an error reading communication packets)
2026-05-22 16:34:54 277 [Warning] Aborted connection 277 to db: 'unconnected' user: 'unauthenticated' host: 'localhost' (This connection closed normally without authentication)
2026-05-22 16:34:58 278 [Warning] Aborted connection 278 to db: 'unconnected' user: 'unauthenticated' host: 'localhost' (Got an error reading communication packets)
2026-05-22 16:34:58 278 [Warning] Aborted connection 278 to db: 'unconnected' user: 'unauthenticated' host: 'localhost' (This connection closed normally without authentication)
2026-05-22 16:34:58 279 [Warning] Aborted connection 279 to db: 'unconnected' user: 'unauthenticated' host: 'localhost' (Got an error reading communication packets)
2026-05-22 16:34:58 279 [Warning] Aborted connection 279 to db: 'unconnected' user: 'unauthenticated' host: 'localhost' (This connection closed normally without authentication)
2026-05-22 16:35:02 280 [Warning] Aborted connection 280 to db: 'unconnected' user: 'unauthenticated' host: 'localhost' (Got an error reading communication packets)
2026-05-22 16:35:02 280 [Warning] Aborted connection 280 to db: 'unconnected' user: 'unauthenticated' host: 'localhost' (This connection closed normally without authentication)
2026-05-22 16:35:02 281 [Warning] Aborted connection 281 to db: 'unconnected' user: 'unauthenticated' host: 'localhost' (Got an error reading communication packets)
2026-05-22 16:35:02 281 [Warning] Aborted connection 281 to db: 'unconnected' user: 'unauthenticated' host: 'localhost' (This connection closed normally without authentication)
2026-05-22 16:35:06 282 [Warning] Aborted connection 282 to db: 'unconnected' user: 'unauthenticated' host: 'localhost' (Got an error reading communication packets)
2026-05-22 16:35:06 282 [Warning] Aborted connection 282 to db: 'unconnected' user: 'unauthenticated' host: 'localhost' (This connection closed normally without authentication)
2026-05-22 16:35:06 283 [Warning] Aborted connection 283 to db: 'unconnected' user: 'unauthenticated' host: 'localhost' (Got an error reading communication packets)
2026-05-22 16:35:06 283 [Warning] Aborted connection 283 to db: 'unconnected' user: 'unauthenticated' host: 'localhost' (This connection closed normally without authentication)
2026-05-22 16:35:10 284 [Warning] Aborted connection 284 to db: 'unconnected' user: 'unauthenticated' host: 'localhost' (Got an error reading communication packets)
2026-05-22 16:35:10 284 [Warning] Aborted connection 284 to db: 'unconnected' user: 'unauthenticated' host: 'localhost' (This connection closed normally without authentication)
2026-05-22 16:35:10 285 [Warning] Aborted connection 285 to db: 'unconnected' user: 'unauthenticated' host: 'localhost' (Got an error reading communication packets)
2026-05-22 16:35:10 285 [Warning] Aborted connection 285 to db: 'unconnected' user: 'unauthenticated' host: 'localhost' (This connection closed normally without authentication)
2026-05-22 16:35:14 286 [Warning] Aborted connection 286 to db: 'unconnected' user: 'unauthenticated' host: 'localhost' (Got an error reading communication packets)
2026-05-22 16:35:14 286 [Warning] Aborted connection 286 to db: 'unconnected' user: 'unauthenticated' host: 'localhost' (This connection closed normally without authentication)
2026-05-22 16:35:14 287 [Warning] Aborted connection 287 to db: 'unconnected' user: 'unauthenticated' host: 'localhost' (Got an error reading communication packets)
2026-05-22 16:35:14 287 [Warning] Aborted connection 287 to db: 'unconnected' user: 'unauthenticated' host: 'localhost' (This connection closed normally without authentication)
2026-05-22 16:35:18 288 [Warning] Aborted connection 288 to db: 'unconnected' user: 'unauthenticated' host: 'localhost' (Got an error reading communication packets)
2026-05-22 16:35:18 288 [Warning] Aborted connection 288 to db: 'unconnected' user: 'unauthenticated' host: 'localhost' (This connection closed normally without authentication)
2026-05-22 16:35:18 289 [Warning] Aborted connection 289 to db: 'unconnected' user: 'unauthenticated' host: 'localhost' (Got an error reading communication packets)
2026-05-22 16:35:18 289 [Warning] Aborted connection 289 to db: 'unconnected' user: 'unauthenticated' host: 'localhost' (This connection closed normally without authentication)
2026-05-22 16:35:22 290 [Warning] Aborted connection 290 to db: 'unconnected' user: 'unauthenticated' host: 'localhost' (Got an error reading communication packets)
2026-05-22 16:35:22 290 [Warning] Aborted connection 290 to db: 'unconnected' user: 'unauthenticated' host: 'localhost' (This connection closed normally without authentication)
2026-05-22 16:35:22 291 [Warning] Aborted connection 291 to db: 'unconnected' user: 'unauthenticated' host: 'localhost' (Got an error reading communication packets)
2026-05-22 16:35:22 291 [Warning] Aborted connection 291 to db: 'unconnected' user: 'unauthenticated' host: 'localhost' (This connection closed normally without authentication)
2026-05-22 16:35:26 292 [Warning] Aborted connection 292 to db: 'unconnected' user: 'unauthenticated' host: 'localhost' (Got an error reading communication packets)
2026-05-22 16:35:26 292 [Warning] Aborted connection 292 to db: 'unconnected' user: 'unauthenticated' host: 'localhost' (This connection closed normally without authentication)
2026-05-22 16:35:26 293 [Warning] Aborted connection 293 to db: 'unconnected' user: 'unauthenticated' host: 'localhost' (Got an error reading communication packets)
2026-05-22 16:35:26 293 [Warning] Aborted connection 293 to db: 'unconnected' user: 'unauthenticated' host: 'localhost' (This connection closed normally without authentication)
2026-05-22 16:35:30 294 [Warning] Aborted connection 294 to db: 'unconnected' user: 'unauthenticated' host: 'localhost' (Got an error reading communication packets)
2026-05-22 16:35:30 294 [Warning] Aborted connection 294 to db: 'unconnected' user: 'unauthenticated' host: 'localhost' (This connection closed normally without authentication)
2026-05-22 16:35:30 295 [Warning] Aborted connection 295 to db: 'unconnected' user: 'unauthenticated' host: 'localhost' (Got an error reading communication packets)
2026-05-22 16:35:30 295 [Warning] Aborted connection 295 to db: 'unconnected' user: 'unauthenticated' host: 'localhost' (This connection closed normally without authentication)
2026-05-22 16:35:34 296 [Warning] Aborted connection 296 to db: 'unconnected' user: 'unauthenticated' host: 'localhost' (Got an error reading communication packets)
2026-05-22 16:35:34 296 [Warning] Aborted connection 296 to db: 'unconnected' user: 'unauthenticated' host: 'localhost' (This connection closed normally without authentication)
2026-05-22 16:35:34 297 [Warning] Aborted connection 297 to db: 'unconnected' user: 'unauthenticated' host: 'localhost' (Got an error reading communication packets)
2026-05-22 16:35:34 297 [Warning] Aborted connection 297 to db: 'unconnected' user: 'unauthenticated' host: 'localhost' (This connection closed normally without authentication)
2026-05-22 16:35:38 298 [Warning] Aborted connection 298 to db: 'unconnected' user: 'unauthenticated' host: 'localhost' (Got an error reading communication packets)
2026-05-22 16:35:38 298 [Warning] Aborted connection 298 to db: 'unconnected' user: 'unauthenticated' host: 'localhost' (This connection closed normally without authentication)
2026-05-22 16:35:38 299 [Warning] Aborted connection 299 to db: 'unconnected' user: 'unauthenticated' host: 'localhost' (Got an error reading communication packets)
2026-05-22 16:35:38 299 [Warning] Aborted connection 299 to db: 'unconnected' user: 'unauthenticated' host: 'localhost' (This connection closed normally without authentication)
2026-05-22 16:35:42 300 [Warning] Aborted connection 300 to db: 'unconnected' user: 'unauthenticated' host: 'localhost' (Got an error reading communication packets)
2026-05-22 16:35:42 300 [Warning] Aborted connection 300 to db: 'unconnected' user: 'unauthenticated' host: 'localhost' (This connection closed normally without authentication)
2026-05-22 16:35:42 301 [Warning] Aborted connection 301 to db: 'unconnected' user: 'unauthenticated' host: 'localhost' (Got an error reading communication packets)
2026-05-22 16:35:42 301 [Warning] Aborted connection 301 to db: 'unconnected' user: 'unauthenticated' host: 'localhost' (This connection closed normally without authentication)
2026-05-22 16:35:51 302 [Warning] Aborted connection 302 to db: 'unconnected' user: 'unauthenticated' host: 'localhost' (Got an error reading communication packets)
2026-05-22 16:35:51 302 [Warning] Aborted connection 302 to db: 'unconnected' user: 'unauthenticated' host: 'localhost' (This connection closed normally without authentication)
2026-05-22 16:35:52 303 [Warning] Aborted connection 303 to db: 'unconnected' user: 'unauthenticated' host: 'localhost' (Got an error reading communication packets)
2026-05-22 16:35:52 303 [Warning] Aborted connection 303 to db: 'unconnected' user: 'unauthenticated' host: 'localhost' (This connection closed normally without authentication)
2026-05-22 16:35:53 304 [Warning] Aborted connection 304 to db: 'unconnected' user: 'unauthenticated' host: 'localhost' (Got an error reading communication packets)
2026-05-22 16:35:53 304 [Warning] Aborted connection 304 to db: 'unconnected' user: 'unauthenticated' host: 'localhost' (This connection closed normally without authentication)
2026-05-22 16:35:53 305 [Warning] Aborted connection 305 to db: 'unconnected' user: 'unauthenticated' host: 'localhost' (Got an error reading communication packets)
2026-05-22 16:35:53 305 [Warning] Aborted connection 305 to db: 'unconnected' user: 'unauthenticated' host: 'localhost' (This connection closed normally without authentication)
2026-05-22 16:35:54 306 [Warning] Aborted connection 306 to db: 'unconnected' user: 'unauthenticated' host: 'localhost' (Got an error reading communication packets)
2026-05-22 16:35:54 306 [Warning] Aborted connection 306 to db: 'unconnected' user: 'unauthenticated' host: 'localhost' (This connection closed normally without authentication)
2026-05-22 16:35:54 307 [Warning] Aborted connection 307 to db: 'unconnected' user: 'unauthenticated' host: 'localhost' (Got an error reading communication packets)
2026-05-22 16:35:54 307 [Warning] Aborted connection 307 to db: 'unconnected' user: 'unauthenticated' host: 'localhost' (This connection closed normally without authentication)
2026-05-22 16:35:58 308 [Warning] Aborted connection 308 to db: 'unconnected' user: 'unauthenticated' host: 'localhost' (Got an error reading communication packets)
2026-05-22 16:35:58 308 [Warning] Aborted connection 308 to db: 'unconnected' user: 'unauthenticated' host: 'localhost' (This connection closed normally without authentication)
2026-05-22 16:35:59 309 [Warning] Aborted connection 309 to db: 'unconnected' user: 'unauthenticated' host: 'localhost' (Got an error reading communication packets)
2026-05-22 16:35:59 309 [Warning] Aborted connection 309 to db: 'unconnected' user: 'unauthenticated' host: 'localhost' (This connection closed normally without authentication)
2026-05-22 16:36:02 310 [Warning] Aborted connection 310 to db: 'unconnected' user: 'unauthenticated' host: 'localhost' (Got an error reading communication packets)
2026-05-22 16:36:02 310 [Warning] Aborted connection 310 to db: 'unconnected' user: 'unauthenticated' host: 'localhost' (This connection closed normally without authentication)
2026-05-22 16:36:02 311 [Warning] Aborted connection 311 to db: 'unconnected' user: 'unauthenticated' host: 'localhost' (Got an error reading communication packets)
2026-05-22 16:36:02 311 [Warning] Aborted connection 311 to db: 'unconnected' user: 'unauthenticated' host: 'localhost' (This connection closed normally without authentication)
2026-05-22 16:36:03 312 [Warning] Aborted connection 312 to db: 'unconnected' user: 'unauthenticated' host: 'localhost' (Got an error reading communication packets)
2026-05-22 16:36:03 312 [Warning] Aborted connection 312 to db: 'unconnected' user: 'unauthenticated' host: 'localhost' (This connection closed normally without authentication)
2026-05-22 16:36:03 313 [Warning] Aborted connection 313 to db: 'unconnected' user: 'unauthenticated' host: 'localhost' (Got an error reading communication packets)
2026-05-22 16:36:03 313 [Warning] Aborted connection 313 to db: 'unconnected' user: 'unauthenticated' host: 'localhost' (This connection closed normally without authentication)
2026-05-22 16:36:04 314 [Warning] Aborted connection 314 to db: 'unconnected' user: 'unauthenticated' host: 'localhost' (Got an error reading communication packets)
2026-05-22 16:36:04 314 [Warning] Aborted connection 314 to db: 'unconnected' user: 'unauthenticated' host: 'localhost' (This connection closed normally without authentication)
2026-05-22 16:36:04 315 [Warning] Aborted connection 315 to db: 'unconnected' user: 'unauthenticated' host: 'localhost' (Got an error reading communication packets)
2026-05-22 16:36:04 315 [Warning] Aborted connection 315 to db: 'unconnected' user: 'unauthenticated' host: 'localhost' (This connection closed normally without authentication)
2026-05-22 16:36:08 316 [Warning] Aborted connection 316 to db: 'unconnected' user: 'unauthenticated' host: 'localhost' (Got an error reading communication packets)
2026-05-22 16:36:08 316 [Warning] Aborted connection 316 to db: 'unconnected' user: 'unauthenticated' host: 'localhost' (This connection closed normally without authentication)
2026-05-22 16:36:08 317 [Warning] Aborted connection 317 to db: 'unconnected' user: 'unauthenticated' host: 'localhost' (Got an error reading communication packets)
2026-05-22 16:36:08 317 [Warning] Aborted connection 317 to db: 'unconnected' user: 'unauthenticated' host: 'localhost' (This connection closed normally without authentication)
2026-05-22 16:36:12 318 [Warning] Aborted connection 318 to db: 'unconnected' user: 'unauthenticated' host: 'localhost' (Got an error reading communication packets)
2026-05-22 16:36:12 318 [Warning] Aborted connection 318 to db: 'unconnected' user: 'unauthenticated' host: 'localhost' (This connection closed normally without authentication)
2026-05-22 16:36:12 319 [Warning] Aborted connection 319 to db: 'unconnected' user: 'unauthenticated' host: 'localhost' (Got an error reading communication packets)
2026-05-22 16:36:12 319 [Warning] Aborted connection 319 to db: 'unconnected' user: 'unauthenticated' host: 'localhost' (This connection closed normally without authentication)
2026-05-22 16:36:16 320 [Warning] Aborted connection 320 to db: 'unconnected' user: 'unauthenticated' host: 'localhost' (Got an error reading communication packets)
2026-05-22 16:36:16 320 [Warning] Aborted connection 320 to db: 'unconnected' user: 'unauthenticated' host: 'localhost' (This connection closed normally without authentication)
2026-05-22 16:36:16 321 [Warning] Aborted connection 321 to db: 'unconnected' user: 'unauthenticated' host: 'localhost' (Got an error reading communication packets)
2026-05-22 16:36:16 321 [Warning] Aborted connection 321 to db: 'unconnected' user: 'unauthenticated' host: 'localhost' (This connection closed normally without authentication)
2026-05-22 16:36:20 322 [Warning] Aborted connection 322 to db: 'unconnected' user: 'unauthenticated' host: 'localhost' (Got an error reading communication packets)
2026-05-22 16:36:20 322 [Warning] Aborted connection 322 to db: 'unconnected' user: 'unauthenticated' host: 'localhost' (This connection closed normally without authentication)
2026-05-22 16:36:20 323 [Warning] Aborted connection 323 to db: 'unconnected' user: 'unauthenticated' host: 'localhost' (Got an error reading communication packets)
2026-05-22 16:36:20 323 [Warning] Aborted connection 323 to db: 'unconnected' user: 'unauthenticated' host: 'localhost' (This connection closed normally without authentication)
2026-05-22 16:36:24 324 [Warning] Aborted connection 324 to db: 'unconnected' user: 'unauthenticated' host: 'localhost' (Got an error reading communication packets)
2026-05-22 16:36:24 324 [Warning] Aborted connection 324 to db: 'unconnected' user: 'unauthenticated' host: 'localhost' (This connection closed normally without authentication)
2026-05-22 16:36:24 325 [Warning] Aborted connection 325 to db: 'unconnected' user: 'unauthenticated' host: 'localhost' (Got an error reading communication packets)
2026-05-22 16:36:24 325 [Warning] Aborted connection 325 to db: 'unconnected' user: 'unauthenticated' host: 'localhost' (This connection closed normally without authentication)
2026-05-22 16:36:28 326 [Warning] Aborted connection 326 to db: 'unconnected' user: 'unauthenticated' host: 'localhost' (Got an error reading communication packets)
2026-05-22 16:36:28 326 [Warning] Aborted connection 326 to db: 'unconnected' user: 'unauthenticated' host: 'localhost' (This connection closed normally without authentication)
2026-05-22 16:36:28 327 [Warning] Aborted connection 327 to db: 'unconnected' user: 'unauthenticated' host: 'localhost' (Got an error reading communication packets)
2026-05-22 16:36:28 327 [Warning] Aborted connection 327 to db: 'unconnected' user: 'unauthenticated' host: 'localhost' (This connection closed normally without authentication)
2026-05-22 16:36:32 328 [Warning] Aborted connection 328 to db: 'unconnected' user: 'unauthenticated' host: 'localhost' (Got an error reading communication packets)
2026-05-22 16:36:32 328 [Warning] Aborted connection 328 to db: 'unconnected' user: 'unauthenticated' host: 'localhost' (This connection closed normally without authentication)
2026-05-22 16:36:32 329 [Warning] Aborted connection 329 to db: 'unconnected' user: 'unauthenticated' host: 'localhost' (Got an error reading communication packets)
2026-05-22 16:36:32 329 [Warning] Aborted connection 329 to db: 'unconnected' user: 'unauthenticated' host: 'localhost' (This connection closed normally without authentication)
2026-05-22 16:36:36 330 [Warning] Aborted connection 330 to db: 'unconnected' user: 'unauthenticated' host: 'localhost' (Got an error reading communication packets)
2026-05-22 16:36:36 330 [Warning] Aborted connection 330 to db: 'unconnected' user: 'unauthenticated' host: 'localhost' (This connection closed normally without authentication)
2026-05-22 16:36:36 331 [Warning] Aborted connection 331 to db: 'unconnected' user: 'unauthenticated' host: 'localhost' (Got an error reading communication packets)
2026-05-22 16:36:36 331 [Warning] Aborted connection 331 to db: 'unconnected' user: 'unauthenticated' host: 'localhost' (This connection closed normally without authentication)
2026-05-22 16:36:40 332 [Warning] Aborted connection 332 to db: 'unconnected' user: 'unauthenticated' host: 'localhost' (Got an error reading communication packets)
2026-05-22 16:36:40 332 [Warning] Aborted connection 332 to db: 'unconnected' user: 'unauthenticated' host: 'localhost' (This connection closed normally without authentication)
2026-05-22 16:36:40 333 [Warning] Aborted connection 333 to db: 'unconnected' user: 'unauthenticated' host: 'localhost' (Got an error reading communication packets)
2026-05-22 16:36:40 333 [Warning] Aborted connection 333 to db: 'unconnected' user: 'unauthenticated' host: 'localhost' (This connection closed normally without authentication)
2026-05-22 16:36:44 334 [Warning] Aborted connection 334 to db: 'unconnected' user: 'unauthenticated' host: 'localhost' (Got an error reading communication packets)
2026-05-22 16:36:44 334 [Warning] Aborted connection 334 to db: 'unconnected' user: 'unauthenticated' host: 'localhost' (This connection closed normally without authentication)
2026-05-22 16:36:44 335 [Warning] Aborted connection 335 to db: 'unconnected' user: 'unauthenticated' host: 'localhost' (Got an error reading communication packets)
2026-05-22 16:36:44 335 [Warning] Aborted connection 335 to db: 'unconnected' user: 'unauthenticated' host: 'localhost' (This connection closed normally without authentication)
2026-05-22 16:36:48 336 [Warning] Aborted connection 336 to db: 'unconnected' user: 'unauthenticated' host: 'localhost' (Got an error reading communication packets)
2026-05-22 16:36:48 336 [Warning] Aborted connection 336 to db: 'unconnected' user: 'unauthenticated' host: 'localhost' (This connection closed normally without authentication)
2026-05-22 16:36:48 337 [Warning] Aborted connection 337 to db: 'unconnected' user: 'unauthenticated' host: 'localhost' (Got an error reading communication packets)
2026-05-22 16:36:48 337 [Warning] Aborted connection 337 to db: 'unconnected' user: 'unauthenticated' host: 'localhost' (This connection closed normally without authentication)
2026-05-22 16:36:52 338 [Warning] Aborted connection 338 to db: 'unconnected' user: 'unauthenticated' host: 'localhost' (Got an error reading communication packets)
2026-05-22 16:36:52 338 [Warning] Aborted connection 338 to db: 'unconnected' user: 'unauthenticated' host: 'localhost' (This connection closed normally without authentication)
2026-05-22 16:36:52 339 [Warning] Aborted connection 339 to db: 'unconnected' user: 'unauthenticated' host: 'localhost' (Got an error reading communication packets)
2026-05-22 16:36:52 339 [Warning] Aborted connection 339 to db: 'unconnected' user: 'unauthenticated' host: 'localhost' (This connection closed normally without authentication)
2026-05-22 16:36:56 340 [Warning] Aborted connection 340 to db: 'unconnected' user: 'unauthenticated' host: 'localhost' (Got an error reading communication packets)
2026-05-22 16:36:56 340 [Warning] Aborted connection 340 to db: 'unconnected' user: 'unauthenticated' host: 'localhost' (This connection closed normally without authentication)
2026-05-22 16:36:56 341 [Warning] Aborted connection 341 to db: 'unconnected' user: 'unauthenticated' host: 'localhost' (Got an error reading communication packets)
2026-05-22 16:36:56 341 [Warning] Aborted connection 341 to db: 'unconnected' user: 'unauthenticated' host: 'localhost' (This connection closed normally without authentication)
2026-05-22 16:37:00 342 [Warning] Aborted connection 342 to db: 'unconnected' user: 'unauthenticated' host: 'localhost' (Got an error reading communication packets)
2026-05-22 16:37:00 342 [Warning] Aborted connection 342 to db: 'unconnected' user: 'unauthenticated' host: 'localhost' (This connection closed normally without authentication)
2026-05-22 16:37:00 343 [Warning] Aborted connection 343 to db: 'unconnected' user: 'unauthenticated' host: 'localhost' (Got an error reading communication packets)
2026-05-22 16:37:00 343 [Warning] Aborted connection 343 to db: 'unconnected' user: 'unauthenticated' host: 'localhost' (This connection closed normally without authentication)
2026-05-22 16:37:04 344 [Warning] Aborted connection 344 to db: 'unconnected' user: 'unauthenticated' host: 'localhost' (Got an error reading communication packets)
2026-05-22 16:37:04 344 [Warning] Aborted connection 344 to db: 'unconnected' user: 'unauthenticated' host: 'localhost' (This connection closed normally without authentication)
2026-05-22 16:37:04 345 [Warning] Aborted connection 345 to db: 'unconnected' user: 'unauthenticated' host: 'localhost' (Got an error reading communication packets)
2026-05-22 16:37:04 345 [Warning] Aborted connection 345 to db: 'unconnected' user: 'unauthenticated' host: 'localhost' (This connection closed normally without authentication)
2026-05-22 16:37:08 346 [Warning] Aborted connection 346 to db: 'unconnected' user: 'unauthenticated' host: 'localhost' (Got an error reading communication packets)
2026-05-22 16:37:08 346 [Warning] Aborted connection 346 to db: 'unconnected' user: 'unauthenticated' host: 'localhost' (This connection closed normally without authentication)
2026-05-22 16:37:08 347 [Warning] Aborted connection 347 to db: 'unconnected' user: 'unauthenticated' host: 'localhost' (Got an error reading communication packets)
2026-05-22 16:37:08 347 [Warning] Aborted connection 347 to db: 'unconnected' user: 'unauthenticated' host: 'localhost' (This connection closed normally without authentication)
2026-05-22 16:37:16 348 [Warning] Aborted connection 348 to db: 'unconnected' user: 'unauthenticated' host: 'localhost' (Got an error reading communication packets)
2026-05-22 16:37:16 348 [Warning] Aborted connection 348 to db: 'unconnected' user: 'unauthenticated' host: 'localhost' (This connection closed normally without authentication)
2026-05-22 16:37:25 349 [Warning] Aborted connection 349 to db: 'unconnected' user: 'unauthenticated' host: 'localhost' (Got an error reading communication packets)
2026-05-22 16:37:25 349 [Warning] Aborted connection 349 to db: 'unconnected' user: 'unauthenticated' host: 'localhost' (This connection closed normally without authentication)
2026-05-22 16:37:39 350 [Warning] Aborted connection 350 to db: 'unconnected' user: 'unauthenticated' host: 'localhost' (Got an error reading communication packets)
2026-05-22 16:37:39 350 [Warning] Aborted connection 350 to db: 'unconnected' user: 'unauthenticated' host: 'localhost' (This connection closed normally without authentication)
2026-05-22 16:37:42 0 [Note] C:\Users\YK\Desktop\winphp\bin\mysql\bin\mysqld.exe (initiated by: root[root] @ localhost [127.0.0.1]): Normal shutdown
2026-05-22 16:37:42 0 [Note] InnoDB: FTS optimize thread exiting.
2026-05-22 16:37:42 0 [Note] InnoDB: Starting shutdown...
2026-05-22 16:37:42 0 [Note] InnoDB: Dumping buffer pool(s) to C:\Users\YK\Desktop\winphp\bin\mysql\data\ib_buffer_pool
2026-05-22 16:37:42 0 [Note] InnoDB: Buffer pool(s) dump completed at 260522 16:37:42
2026-05-22 16:37:42 0 [Note] InnoDB: Removed temporary tablespace data file: "./ibtmp1"
2026-05-22 16:37:42 0 [Note] InnoDB: Shutdown completed; log sequence number 46996; transaction id 15
2026-05-22 16:37:42 0 [Note] C:\Users\YK\Desktop\winphp\bin\mysql\bin\mysqld.exe: Shutdown complete

2026-05-22 16:42:25 0 [Note] Starting MariaDB 10.11.8-MariaDB source revision 3a069644682e336e445039e48baae9693f9a08ee as process 10508
2026-05-22 16:42:25 0 [Note] InnoDB: Compressed tables use zlib 1.3.1
2026-05-22 16:42:25 0 [Note] InnoDB: Number of transaction pools: 1
2026-05-22 16:42:25 0 [Note] InnoDB: Using crc32 + pclmulqdq instructions
2026-05-22 16:42:25 0 [Note] InnoDB: Initializing buffer pool, total size = 128.000MiB, chunk size = 2.000MiB
2026-05-22 16:42:25 0 [Note] InnoDB: Completed initialization of buffer pool
2026-05-22 16:42:25 0 [Note] InnoDB: File system buffers for log disabled (block size=4096 bytes)
2026-05-22 16:42:25 0 [Note] InnoDB: End of log at LSN=46996
2026-05-22 16:42:25 0 [Note] InnoDB: 128 rollback segments are active.
2026-05-22 16:42:25 0 [Note] InnoDB: Setting file './ibtmp1' size to 12.000MiB. Physically writing the file full; Please wait ...
2026-05-22 16:42:25 0 [Note] InnoDB: File './ibtmp1' size is now 12.000MiB.
2026-05-22 16:42:25 0 [Note] InnoDB: log sequence number 46996; transaction id 14
2026-05-22 16:42:25 0 [Note] InnoDB: Loading buffer pool(s) from C:\Users\YK\Desktop\winphp\bin\mysql\data\ib_buffer_pool
2026-05-22 16:42:25 0 [Note] Plugin 'FEEDBACK' is disabled.
2026-05-22 16:42:25 0 [Note] mysqld.exe: SSPI: using principal name 'localhost', mech 'Negotiate'
2026-05-22 16:42:25 0 [Note] InnoDB: Buffer pool(s) load completed at 260522 16:42:25
2026-05-22 16:42:25 0 [Note] Server socket created on IP: '127.0.0.1'.
2026-05-22 16:42:25 0 [Note] C:\Users\YK\Desktop\winphp\bin\mysql\bin\mysqld.exe: ready for connections.
Version: '10.11.8-MariaDB'  socket: ''  port: 3306  mariadb.org binary distribution
2026-05-22 16:42:25 3 [Warning] Aborted connection 3 to db: 'unconnected' user: 'unauthenticated' host: 'localhost' (Got an error reading communication packets)
2026-05-22 16:42:25 3 [Warning] Aborted connection 3 to db: 'unconnected' user: 'unauthenticated' host: 'localhost' (This connection closed normally without authentication)
2026-05-22 16:42:26 4 [Warning] Aborted connection 4 to db: 'unconnected' user: 'unauthenticated' host: 'localhost' (Got an error reading communication packets)
2026-05-22 16:42:26 4 [Warning] Aborted connection 4 to db: 'unconnected' user: 'unauthenticated' host: 'localhost' (This connection closed normally without authentication)
2026-05-22 16:42:28 5 [Warning] Aborted connection 5 to db: 'unconnected' user: 'unauthenticated' host: 'localhost' (Got an error reading communication packets)
2026-05-22 16:42:28 5 [Warning] Aborted connection 5 to db: 'unconnected' user: 'unauthenticated' host: 'localhost' (This connection closed normally without authentication)
2026-05-22 16:42:30 6 [Warning] Aborted connection 6 to db: 'unconnected' user: 'unauthenticated' host: 'localhost' (Got an error reading communication packets)
2026-05-22 16:42:30 6 [Warning] Aborted connection 6 to db: 'unconnected' user: 'unauthenticated' host: 'localhost' (This connection closed normally without authentication)
2026-05-22 16:42:32 7 [Warning] Aborted connection 7 to db: 'unconnected' user: 'unauthenticated' host: 'localhost' (Got an error reading communication packets)
2026-05-22 16:42:32 7 [Warning] Aborted connection 7 to db: 'unconnected' user: 'unauthenticated' host: 'localhost' (This connection closed normally without authentication)
2026-05-22 16:42:32 8 [Warning] Aborted connection 8 to db: 'unconnected' user: 'unauthenticated' host: 'localhost' (Got an error reading communication packets)
2026-05-22 16:42:32 8 [Warning] Aborted connection 8 to db: 'unconnected' user: 'unauthenticated' host: 'localhost' (This connection closed normally without authentication)
2026-05-22 16:42:33 9 [Warning] Aborted connection 9 to db: 'unconnected' user: 'unauthenticated' host: 'localhost' (Got an error reading communication packets)
2026-05-22 16:42:33 9 [Warning] Aborted connection 9 to db: 'unconnected' user: 'unauthenticated' host: 'localhost' (This connection closed normally without authentication)
2026-05-22 16:42:35 0 [Note] C:\Users\YK\Desktop\winphp\bin\mysql\bin\mysqld.exe (initiated by: root[root] @ localhost [127.0.0.1]): Normal shutdown
2026-05-22 16:42:35 0 [Note] InnoDB: FTS optimize thread exiting.
2026-05-22 16:42:35 0 [Note] InnoDB: Starting shutdown...
2026-05-22 16:42:35 0 [Note] InnoDB: Dumping buffer pool(s) to C:\Users\YK\Desktop\winphp\bin\mysql\data\ib_buffer_pool
2026-05-22 16:42:35 0 [Note] InnoDB: Buffer pool(s) dump completed at 260522 16:42:35
2026-05-22 16:42:35 0 [Note] InnoDB: Removed temporary tablespace data file: "./ibtmp1"
2026-05-22 16:42:35 0 [Note] InnoDB: Shutdown completed; log sequence number 46996; transaction id 15
2026-05-22 16:42:35 0 [Note] C:\Users\YK\Desktop\winphp\bin\mysql\bin\mysqld.exe: Shutdown complete

2026-05-22 20:14:46 0 [Note] Starting MariaDB 10.11.8-MariaDB source revision 3a069644682e336e445039e48baae9693f9a08ee as process 7356
2026-05-22 20:14:46 0 [Note] InnoDB: Compressed tables use zlib 1.3.1
2026-05-22 20:14:46 0 [Note] InnoDB: Number of transaction pools: 1
2026-05-22 20:14:46 0 [Note] InnoDB: Using crc32 + pclmulqdq instructions
2026-05-22 20:14:46 0 [Note] InnoDB: Initializing buffer pool, total size = 128.000MiB, chunk size = 2.000MiB
2026-05-22 20:14:46 0 [Note] InnoDB: Completed initialization of buffer pool
2026-05-22 20:14:46 0 [Note] InnoDB: File system buffers for log disabled (block size=4096 bytes)
2026-05-22 20:14:46 0 [Note] InnoDB: End of log at LSN=46996
2026-05-22 20:14:46 0 [Note] InnoDB: 128 rollback segments are active.
2026-05-22 20:14:46 0 [Note] InnoDB: Setting file './ibtmp1' size to 12.000MiB. Physically writing the file full; Please wait ...
2026-05-22 20:14:46 0 [Note] InnoDB: File './ibtmp1' size is now 12.000MiB.
2026-05-22 20:14:46 0 [Note] InnoDB: log sequence number 46996; transaction id 14
2026-05-22 20:14:46 0 [Note] Plugin 'FEEDBACK' is disabled.
2026-05-22 20:14:46 0 [Note] InnoDB: Loading buffer pool(s) from C:\Users\YK\Desktop\winphp\bin\mysql\data\ib_buffer_pool
2026-05-22 20:14:46 0 [Note] mysqld.exe: SSPI: using principal name 'localhost', mech 'Negotiate'
2026-05-22 20:14:46 0 [Note] Server socket created on IP: '127.0.0.1'.
2026-05-22 20:14:46 0 [Note] InnoDB: Buffer pool(s) load completed at 260522 20:14:46
2026-05-22 20:14:46 0 [Note] C:\Users\YK\Desktop\winphp\bin\mysql\bin\mysqld.exe: ready for connections.
Version: '10.11.8-MariaDB'  socket: ''  port: 3306  mariadb.org binary distribution
2026-05-22 20:14:46 3 [Warning] Aborted connection 3 to db: 'unconnected' user: 'unauthenticated' host: 'localhost' (Got an error reading communication packets)
2026-05-22 20:14:46 3 [Warning] Aborted connection 3 to db: 'unconnected' user: 'unauthenticated' host: 'localhost' (This connection closed normally without authentication)
2026-05-22 20:14:47 4 [Warning] Aborted connection 4 to db: 'unconnected' user: 'unauthenticated' host: 'localhost' (Got an error reading communication packets)
2026-05-22 20:14:47 4 [Warning] Aborted connection 4 to db: 'unconnected' user: 'unauthenticated' host: 'localhost' (This connection closed normally without authentication)
2026-05-22 20:14:49 5 [Warning] Aborted connection 5 to db: 'unconnected' user: 'unauthenticated' host: 'localhost' (Got an error reading communication packets)
2026-05-22 20:14:49 5 [Warning] Aborted connection 5 to db: 'unconnected' user: 'unauthenticated' host: 'localhost' (This connection closed normally without authentication)
2026-05-22 20:14:50 6 [Warning] Aborted connection 6 to db: 'unconnected' user: 'unauthenticated' host: 'localhost' (Got an error reading communication packets)
2026-05-22 20:14:50 6 [Warning] Aborted connection 6 to db: 'unconnected' user: 'unauthenticated' host: 'localhost' (This connection closed normally without authentication)
2026-05-22 20:14:52 7 [Warning] Aborted connection 7 to db: 'unconnected' user: 'unauthenticated' host: 'localhost' (Got an error reading communication packets)
2026-05-22 20:14:52 7 [Warning] Aborted connection 7 to db: 'unconnected' user: 'unauthenticated' host: 'localhost' (This connection closed normally without authentication)
2026-05-22 20:14:54 8 [Warning] Aborted connection 8 to db: 'unconnected' user: 'unauthenticated' host: 'localhost' (Got an error reading communication packets)
2026-05-22 20:14:54 8 [Warning] Aborted connection 8 to db: 'unconnected' user: 'unauthenticated' host: 'localhost' (This connection closed normally without authentication)
2026-05-22 20:14:56 9 [Warning] Aborted connection 9 to db: 'unconnected' user: 'unauthenticated' host: 'localhost' (Got an error reading communication packets)
2026-05-22 20:14:56 9 [Warning] Aborted connection 9 to db: 'unconnected' user: 'unauthenticated' host: 'localhost' (This connection closed normally without authentication)
2026-05-22 20:14:58 10 [Warning] Aborted connection 10 to db: 'unconnected' user: 'unauthenticated' host: 'localhost' (Got an error reading communication packets)
2026-05-22 20:14:58 10 [Warning] Aborted connection 10 to db: 'unconnected' user: 'unauthenticated' host: 'localhost' (This connection closed normally without authentication)
2026-05-22 20:14:59 11 [Warning] Aborted connection 11 to db: 'unconnected' user: 'unauthenticated' host: 'localhost' (Got an error reading communication packets)
2026-05-22 20:14:59 11 [Warning] Aborted connection 11 to db: 'unconnected' user: 'unauthenticated' host: 'localhost' (This connection closed normally without authentication)
2026-05-22 20:15:01 12 [Warning] Aborted connection 12 to db: 'unconnected' user: 'unauthenticated' host: 'localhost' (Got an error reading communication packets)
2026-05-22 20:15:01 12 [Warning] Aborted connection 12 to db: 'unconnected' user: 'unauthenticated' host: 'localhost' (This connection closed normally without authentication)
2026-05-22 20:15:03 13 [Warning] Aborted connection 13 to db: 'unconnected' user: 'unauthenticated' host: 'localhost' (Got an error reading communication packets)
2026-05-22 20:15:03 13 [Warning] Aborted connection 13 to db: 'unconnected' user: 'unauthenticated' host: 'localhost' (This connection closed normally without authentication)
2026-05-22 20:15:05 14 [Warning] Aborted connection 14 to db: 'unconnected' user: 'unauthenticated' host: 'localhost' (Got an error reading communication packets)
2026-05-22 20:15:05 14 [Warning] Aborted connection 14 to db: 'unconnected' user: 'unauthenticated' host: 'localhost' (This connection closed normally without authentication)
2026-05-22 20:15:07 15 [Warning] Aborted connection 15 to db: 'unconnected' user: 'unauthenticated' host: 'localhost' (Got an error reading communication packets)
2026-05-22 20:15:07 15 [Warning] Aborted connection 15 to db: 'unconnected' user: 'unauthenticated' host: 'localhost' (This connection closed normally without authentication)
2026-05-22 20:15:08 16 [Warning] Aborted connection 16 to db: 'unconnected' user: 'unauthenticated' host: 'localhost' (Got an error reading communication packets)
2026-05-22 20:15:08 16 [Warning] Aborted connection 16 to db: 'unconnected' user: 'unauthenticated' host: 'localhost' (This connection closed normally without authentication)
2026-05-22 20:15:10 17 [Warning] Aborted connection 17 to db: 'unconnected' user: 'unauthenticated' host: 'localhost' (Got an error reading communication packets)
2026-05-22 20:15:10 17 [Warning] Aborted connection 17 to db: 'unconnected' user: 'unauthenticated' host: 'localhost' (This connection closed normally without authentication)
2026-05-22 20:15:12 18 [Warning] Aborted connection 18 to db: 'unconnected' user: 'unauthenticated' host: 'localhost' (Got an error reading communication packets)
2026-05-22 20:15:12 18 [Warning] Aborted connection 18 to db: 'unconnected' user: 'unauthenticated' host: 'localhost' (This connection closed normally without authentication)
2026-05-22 20:15:13 19 [Warning] Aborted connection 19 to db: 'unconnected' user: 'unauthenticated' host: 'localhost' (Got an error reading communication packets)
2026-05-22 20:15:13 19 [Warning] Aborted connection 19 to db: 'unconnected' user: 'unauthenticated' host: 'localhost' (This connection closed normally without authentication)
2026-05-22 20:15:14 20 [Warning] Aborted connection 20 to db: 'unconnected' user: 'unauthenticated' host: 'localhost' (Got an error reading communication packets)
2026-05-22 20:15:14 20 [Warning] Aborted connection 20 to db: 'unconnected' user: 'unauthenticated' host: 'localhost' (This connection closed normally without authentication)
2026-05-22 20:15:15 0 [Note] C:\Users\YK\Desktop\winphp\bin\mysql\bin\mysqld.exe (initiated by: root[root] @ localhost [127.0.0.1]): Normal shutdown
2026-05-22 20:15:15 0 [Note] InnoDB: FTS optimize thread exiting.
2026-05-22 20:15:15 0 [Note] InnoDB: Starting shutdown...
2026-05-22 20:15:15 0 [Note] InnoDB: Dumping buffer pool(s) to C:\Users\YK\Desktop\winphp\bin\mysql\data\ib_buffer_pool
2026-05-22 20:15:15 0 [Note] InnoDB: Buffer pool(s) dump completed at 260522 20:15:15
2026-05-22 20:15:16 0 [Note] InnoDB: Removed temporary tablespace data file: "./ibtmp1"
2026-05-22 20:15:16 0 [Note] InnoDB: Shutdown completed; log sequence number 46996; transaction id 15
2026-05-22 20:15:16 0 [Note] C:\Users\YK\Desktop\winphp\bin\mysql\bin\mysqld.exe: Shutdown complete

2026-05-22 20:16:11 0 [Note] Starting MariaDB 10.11.8-MariaDB source revision 3a069644682e336e445039e48baae9693f9a08ee as process 8720
2026-05-22 20:16:11 0 [Note] InnoDB: Compressed tables use zlib 1.3.1
2026-05-22 20:16:11 0 [Note] InnoDB: Number of transaction pools: 1
2026-05-22 20:16:11 0 [Note] InnoDB: Using crc32 + pclmulqdq instructions
2026-05-22 20:16:11 0 [Note] InnoDB: Initializing buffer pool, total size = 128.000MiB, chunk size = 2.000MiB
2026-05-22 20:16:11 0 [Note] InnoDB: Completed initialization of buffer pool
2026-05-22 20:16:11 0 [Note] InnoDB: File system buffers for log disabled (block size=4096 bytes)
2026-05-22 20:16:11 0 [Note] InnoDB: End of log at LSN=46996
2026-05-22 20:16:11 0 [Note] InnoDB: 128 rollback segments are active.
2026-05-22 20:16:11 0 [Note] InnoDB: Setting file './ibtmp1' size to 12.000MiB. Physically writing the file full; Please wait ...
2026-05-22 20:16:11 0 [Note] InnoDB: File './ibtmp1' size is now 12.000MiB.
2026-05-22 20:16:11 0 [Note] InnoDB: log sequence number 46996; transaction id 14
2026-05-22 20:16:11 0 [Note] Plugin 'FEEDBACK' is disabled.
2026-05-22 20:16:11 0 [Note] InnoDB: Loading buffer pool(s) from C:\Users\YK\Desktop\winphp\bin\mysql\data\ib_buffer_pool
2026-05-22 20:16:11 0 [Note] mysqld.exe: SSPI: using principal name 'localhost', mech 'Negotiate'
2026-05-22 20:16:11 0 [Note] InnoDB: Buffer pool(s) load completed at 260522 20:16:11
2026-05-22 20:16:11 0 [Note] Server socket created on IP: '127.0.0.1'.
2026-05-22 20:16:11 0 [Note] C:\Users\YK\Desktop\winphp\bin\mysql\bin\mysqld.exe: ready for connections.
Version: '10.11.8-MariaDB'  socket: ''  port: 3306  mariadb.org binary distribution
2026-05-22 20:16:11 3 [Warning] Aborted connection 3 to db: 'unconnected' user: 'unauthenticated' host: 'localhost' (Got an error reading communication packets)
2026-05-22 20:16:11 3 [Warning] Aborted connection 3 to db: 'unconnected' user: 'unauthenticated' host: 'localhost' (This connection closed normally without authentication)
2026-05-22 20:16:12 4 [Warning] Aborted connection 4 to db: 'unconnected' user: 'unauthenticated' host: 'localhost' (Got an error reading communication packets)
2026-05-22 20:16:12 4 [Warning] Aborted connection 4 to db: 'unconnected' user: 'unauthenticated' host: 'localhost' (This connection closed normally without authentication)
2026-05-22 20:16:14 5 [Warning] Aborted connection 5 to db: 'unconnected' user: 'unauthenticated' host: 'localhost' (Got an error reading communication packets)
2026-05-22 20:16:14 5 [Warning] Aborted connection 5 to db: 'unconnected' user: 'unauthenticated' host: 'localhost' (This connection closed normally without authentication)
2026-05-22 20:16:15 6 [Warning] Aborted connection 6 to db: 'unconnected' user: 'unauthenticated' host: 'localhost' (Got an error reading communication packets)
2026-05-22 20:16:15 6 [Warning] Aborted connection 6 to db: 'unconnected' user: 'unauthenticated' host: 'localhost' (This connection closed normally without authentication)
2026-05-22 20:16:17 7 [Warning] Aborted connection 7 to db: 'unconnected' user: 'unauthenticated' host: 'localhost' (Got an error reading communication packets)
2026-05-22 20:16:17 7 [Warning] Aborted connection 7 to db: 'unconnected' user: 'unauthenticated' host: 'localhost' (This connection closed normally without authentication)
2026-05-22 20:16:19 8 [Warning] Aborted connection 8 to db: 'unconnected' user: 'unauthenticated' host: 'localhost' (Got an error reading communication packets)
2026-05-22 20:16:19 8 [Warning] Aborted connection 8 to db: 'unconnected' user: 'unauthenticated' host: 'localhost' (This connection closed normally without authentication)
2026-05-22 20:16:20 9 [Warning] Aborted connection 9 to db: 'unconnected' user: 'unauthenticated' host: 'localhost' (Got an error reading communication packets)
2026-05-22 20:16:20 9 [Warning] Aborted connection 9 to db: 'unconnected' user: 'unauthenticated' host: 'localhost' (This connection closed normally without authentication)
2026-05-22 20:16:22 10 [Warning] Aborted connection 10 to db: 'unconnected' user: 'unauthenticated' host: 'localhost' (Got an error reading communication packets)
2026-05-22 20:16:22 10 [Warning] Aborted connection 10 to db: 'unconnected' user: 'unauthenticated' host: 'localhost' (This connection closed normally without authentication)
2026-05-22 20:16:24 11 [Warning] Aborted connection 11 to db: 'unconnected' user: 'unauthenticated' host: 'localhost' (Got an error reading communication packets)
2026-05-22 20:16:24 11 [Warning] Aborted connection 11 to db: 'unconnected' user: 'unauthenticated' host: 'localhost' (This connection closed normally without authentication)
2026-05-22 20:16:25 12 [Warning] Aborted connection 12 to db: 'unconnected' user: 'unauthenticated' host: 'localhost' (Got an error reading communication packets)
2026-05-22 20:16:25 12 [Warning] Aborted connection 12 to db: 'unconnected' user: 'unauthenticated' host: 'localhost' (This connection closed normally without authentication)
2026-05-22 20:16:27 13 [Warning] Aborted connection 13 to db: 'unconnected' user: 'unauthenticated' host: 'localhost' (Got an error reading communication packets)
2026-05-22 20:16:27 13 [Warning] Aborted connection 13 to db: 'unconnected' user: 'unauthenticated' host: 'localhost' (This connection closed normally without authentication)
2026-05-22 20:16:29 14 [Warning] Aborted connection 14 to db: 'unconnected' user: 'unauthenticated' host: 'localhost' (Got an error reading communication packets)
2026-05-22 20:16:29 14 [Warning] Aborted connection 14 to db: 'unconnected' user: 'unauthenticated' host: 'localhost' (This connection closed normally without authentication)
2026-05-22 20:16:30 15 [Warning] Aborted connection 15 to db: 'unconnected' user: 'unauthenticated' host: 'localhost' (Got an error reading communication packets)
2026-05-22 20:16:30 15 [Warning] Aborted connection 15 to db: 'unconnected' user: 'unauthenticated' host: 'localhost' (This connection closed normally without authentication)
2026-05-22 20:16:32 16 [Warning] Aborted connection 16 to db: 'unconnected' user: 'unauthenticated' host: 'localhost' (Got an error reading communication packets)
2026-05-22 20:16:32 16 [Warning] Aborted connection 16 to db: 'unconnected' user: 'unauthenticated' host: 'localhost' (This connection closed normally without authentication)
2026-05-22 20:16:32 17 [Warning] Aborted connection 17 to db: 'unconnected' user: 'unauthenticated' host: 'localhost' (Got an error reading communication packets)
2026-05-22 20:16:32 17 [Warning] Aborted connection 17 to db: 'unconnected' user: 'unauthenticated' host: 'localhost' (This connection closed normally without authentication)
2026-05-22 20:16:33 18 [Warning] Aborted connection 18 to db: 'unconnected' user: 'unauthenticated' host: 'localhost' (Got an error reading communication packets)
2026-05-22 20:16:33 18 [Warning] Aborted connection 18 to db: 'unconnected' user: 'unauthenticated' host: 'localhost' (This connection closed normally without authentication)
2026-05-22 20:16:34 0 [Note] C:\Users\YK\Desktop\winphp\bin\mysql\bin\mysqld.exe (initiated by: root[root] @ localhost [127.0.0.1]): Normal shutdown
2026-05-22 20:16:34 0 [Note] InnoDB: FTS optimize thread exiting.
2026-05-22 20:16:34 0 [Note] InnoDB: Starting shutdown...
2026-05-22 20:16:34 0 [Note] InnoDB: Dumping buffer pool(s) to C:\Users\YK\Desktop\winphp\bin\mysql\data\ib_buffer_pool
2026-05-22 20:16:34 0 [Note] InnoDB: Buffer pool(s) dump completed at 260522 20:16:34
2026-05-22 20:16:34 0 [Note] InnoDB: Removed temporary tablespace data file: "./ibtmp1"
2026-05-22 20:16:34 0 [Note] InnoDB: Shutdown completed; log sequence number 46996; transaction id 15
2026-05-22 20:16:34 0 [Note] C:\Users\YK\Desktop\winphp\bin\mysql\bin\mysqld.exe: Shutdown complete

2026-05-22 20:16:42 0 [Note] Starting MariaDB 10.11.8-MariaDB source revision 3a069644682e336e445039e48baae9693f9a08ee as process 7084
2026-05-22 20:16:42 0 [Note] InnoDB: Compressed tables use zlib 1.3.1
2026-05-22 20:16:42 0 [Note] InnoDB: Number of transaction pools: 1
2026-05-22 20:16:42 0 [Note] InnoDB: Using crc32 + pclmulqdq instructions
2026-05-22 20:16:42 0 [Note] InnoDB: Initializing buffer pool, total size = 128.000MiB, chunk size = 2.000MiB
2026-05-22 20:16:42 0 [Note] InnoDB: Completed initialization of buffer pool
2026-05-22 20:16:42 0 [Note] InnoDB: File system buffers for log disabled (block size=4096 bytes)
2026-05-22 20:16:42 0 [Note] InnoDB: End of log at LSN=46996
2026-05-22 20:16:42 0 [Note] InnoDB: 128 rollback segments are active.
2026-05-22 20:16:42 0 [Note] InnoDB: Setting file './ibtmp1' size to 12.000MiB. Physically writing the file full; Please wait ...
2026-05-22 20:16:42 0 [Note] InnoDB: File './ibtmp1' size is now 12.000MiB.
2026-05-22 20:16:42 0 [Note] InnoDB: log sequence number 46996; transaction id 14
2026-05-22 20:16:42 0 [Note] Plugin 'FEEDBACK' is disabled.
2026-05-22 20:16:42 0 [Note] InnoDB: Loading buffer pool(s) from C:\Users\YK\Desktop\winphp\bin\mysql\data\ib_buffer_pool
2026-05-22 20:16:42 0 [Note] mysqld.exe: SSPI: using principal name 'localhost', mech 'Negotiate'
2026-05-22 20:16:42 0 [Note] InnoDB: Buffer pool(s) load completed at 260522 20:16:42
2026-05-22 20:16:42 0 [Note] Server socket created on IP: '127.0.0.1'.
2026-05-22 20:16:42 0 [Note] C:\Users\YK\Desktop\winphp\bin\mysql\bin\mysqld.exe: ready for connections.
Version: '10.11.8-MariaDB'  socket: ''  port: 3306  mariadb.org binary distribution
2026-05-22 20:16:42 3 [Warning] Aborted connection 3 to db: 'unconnected' user: 'unauthenticated' host: 'localhost' (Got an error reading communication packets)
2026-05-22 20:16:42 3 [Warning] Aborted connection 3 to db: 'unconnected' user: 'unauthenticated' host: 'localhost' (This connection closed normally without authentication)
2026-05-22 20:16:42 4 [Warning] Aborted connection 4 to db: 'unconnected' user: 'unauthenticated' host: 'localhost' (Got an error reading communication packets)
2026-05-22 20:16:42 4 [Warning] Aborted connection 4 to db: 'unconnected' user: 'unauthenticated' host: 'localhost' (This connection closed normally without authentication)
2026-05-22 20:16:44 5 [Warning] Aborted connection 5 to db: 'unconnected' user: 'unauthenticated' host: 'localhost' (Got an error reading communication packets)
2026-05-22 20:16:44 5 [Warning] Aborted connection 5 to db: 'unconnected' user: 'unauthenticated' host: 'localhost' (This connection closed normally without authentication)
2026-05-22 20:16:45 6 [Warning] Aborted connection 6 to db: 'unconnected' user: 'unauthenticated' host: 'localhost' (Got an error reading communication packets)
2026-05-22 20:16:45 6 [Warning] Aborted connection 6 to db: 'unconnected' user: 'unauthenticated' host: 'localhost' (This connection closed normally without authentication)
2026-05-22 20:16:47 7 [Warning] Aborted connection 7 to db: 'unconnected' user: 'unauthenticated' host: 'localhost' (Got an error reading communication packets)
2026-05-22 20:16:47 7 [Warning] Aborted connection 7 to db: 'unconnected' user: 'unauthenticated' host: 'localhost' (This connection closed normally without authentication)
2026-05-22 20:16:47 8 [Warning] Aborted connection 8 to db: 'unconnected' user: 'unauthenticated' host: 'localhost' (Got an error reading communication packets)
2026-05-22 20:16:47 8 [Warning] Aborted connection 8 to db: 'unconnected' user: 'unauthenticated' host: 'localhost' (This connection closed normally without authentication)
2026-05-22 20:16:49 9 [Warning] Aborted connection 9 to db: 'unconnected' user: 'unauthenticated' host: 'localhost' (Got an error reading communication packets)
2026-05-22 20:16:49 9 [Warning] Aborted connection 9 to db: 'unconnected' user: 'unauthenticated' host: 'localhost' (This connection closed normally without authentication)
2026-05-22 20:16:49 0 [Note] C:\Users\YK\Desktop\winphp\bin\mysql\bin\mysqld.exe (initiated by: root[root] @ localhost [127.0.0.1]): Normal shutdown
2026-05-22 20:16:49 0 [Note] InnoDB: FTS optimize thread exiting.
2026-05-22 20:16:49 0 [Note] InnoDB: Starting shutdown...
2026-05-22 20:16:49 0 [Note] InnoDB: Dumping buffer pool(s) to C:\Users\YK\Desktop\winphp\bin\mysql\data\ib_buffer_pool
2026-05-22 20:16:49 0 [Note] InnoDB: Buffer pool(s) dump completed at 260522 20:16:49
2026-05-22 20:16:49 0 [Note] InnoDB: Removed temporary tablespace data file: "./ibtmp1"
2026-05-22 20:16:49 0 [Note] InnoDB: Shutdown completed; log sequence number 46996; transaction id 15
2026-05-22 20:16:49 0 [Note] C:\Users\YK\Desktop\winphp\bin\mysql\bin\mysqld.exe: Shutdown complete

2026-05-22 23:05:32 0 [Note] Starting MariaDB 10.11.8-MariaDB source revision 3a069644682e336e445039e48baae9693f9a08ee as process 6312
2026-05-22 23:05:32 0 [Note] InnoDB: Compressed tables use zlib 1.3.1
2026-05-22 23:05:32 0 [Note] InnoDB: Number of transaction pools: 1
2026-05-22 23:05:32 0 [Note] InnoDB: Using crc32 + pclmulqdq instructions
2026-05-22 23:05:32 0 [Note] InnoDB: Initializing buffer pool, total size = 128.000MiB, chunk size = 2.000MiB
2026-05-22 23:05:32 0 [Note] InnoDB: Completed initialization of buffer pool
2026-05-22 23:05:32 0 [Note] InnoDB: File system buffers for log disabled (block size=4096 bytes)
2026-05-22 23:05:32 0 [Note] InnoDB: End of log at LSN=46996
2026-05-22 23:05:32 0 [Note] InnoDB: 128 rollback segments are active.
2026-05-22 23:05:32 0 [Note] InnoDB: Setting file './ibtmp1' size to 12.000MiB. Physically writing the file full; Please wait ...
2026-05-22 23:05:32 0 [Note] InnoDB: File './ibtmp1' size is now 12.000MiB.
2026-05-22 23:05:32 0 [Note] InnoDB: log sequence number 46996; transaction id 14
2026-05-22 23:05:32 0 [Note] Plugin 'FEEDBACK' is disabled.
2026-05-22 23:05:32 0 [Note] InnoDB: Loading buffer pool(s) from C:\Users\YK\Desktop\winphp\bin\mysql\data\ib_buffer_pool
2026-05-22 23:05:32 0 [Note] mysqld.exe: SSPI: using principal name 'localhost', mech 'Negotiate'
2026-05-22 23:05:32 0 [Note] InnoDB: Buffer pool(s) load completed at 260522 23:05:32
2026-05-22 23:05:32 0 [Note] Server socket created on IP: '127.0.0.1'.
2026-05-22 23:05:32 0 [Note] C:\Users\YK\Desktop\winphp\bin\mysql\bin\mysqld.exe: ready for connections.
Version: '10.11.8-MariaDB'  socket: ''  port: 3306  mariadb.org binary distribution
2026-05-22 23:05:32 3 [Warning] Aborted connection 3 to db: 'unconnected' user: 'unauthenticated' host: 'localhost' (Got an error reading communication packets)
2026-05-22 23:05:32 3 [Warning] Aborted connection 3 to db: 'unconnected' user: 'unauthenticated' host: 'localhost' (This connection closed normally without authentication)
2026-05-22 23:05:32 4 [Warning] Aborted connection 4 to db: 'unconnected' user: 'unauthenticated' host: 'localhost' (Got an error reading communication packets)
2026-05-22 23:05:32 4 [Warning] Aborted connection 4 to db: 'unconnected' user: 'unauthenticated' host: 'localhost' (This connection closed normally without authentication)
2026-05-22 23:05:34 5 [Warning] Aborted connection 5 to db: 'unconnected' user: 'unauthenticated' host: 'localhost' (Got an error reading communication packets)
2026-05-22 23:05:34 5 [Warning] Aborted connection 5 to db: 'unconnected' user: 'unauthenticated' host: 'localhost' (This connection closed normally without authentication)
2026-05-22 23:05:36 6 [Warning] Aborted connection 6 to db: 'unconnected' user: 'unauthenticated' host: 'localhost' (Got an error reading communication packets)
2026-05-22 23:05:36 6 [Warning] Aborted connection 6 to db: 'unconnected' user: 'unauthenticated' host: 'localhost' (This connection closed normally without authentication)
2026-05-22 23:05:38 7 [Warning] Aborted connection 7 to db: 'unconnected' user: 'unauthenticated' host: 'localhost' (Got an error reading communication packets)
2026-05-22 23:05:38 7 [Warning] Aborted connection 7 to db: 'unconnected' user: 'unauthenticated' host: 'localhost' (This connection closed normally without authentication)
2026-05-22 23:05:40 8 [Warning] Aborted connection 8 to db: 'unconnected' user: 'unauthenticated' host: 'localhost' (Got an error reading communication packets)
2026-05-22 23:05:40 8 [Warning] Aborted connection 8 to db: 'unconnected' user: 'unauthenticated' host: 'localhost' (This connection closed normally without authentication)
2026-05-22 23:05:42 9 [Warning] Aborted connection 9 to db: 'unconnected' user: 'unauthenticated' host: 'localhost' (Got an error reading communication packets)
2026-05-22 23:05:42 9 [Warning] Aborted connection 9 to db: 'unconnected' user: 'unauthenticated' host: 'localhost' (This connection closed normally without authentication)
2026-05-22 23:05:44 10 [Warning] Aborted connection 10 to db: 'unconnected' user: 'unauthenticated' host: 'localhost' (Got an error reading communication packets)
2026-05-22 23:05:44 10 [Warning] Aborted connection 10 to db: 'unconnected' user: 'unauthenticated' host: 'localhost' (This connection closed normally without authentication)
2026-05-22 23:05:46 11 [Warning] Aborted connection 11 to db: 'unconnected' user: 'unauthenticated' host: 'localhost' (Got an error reading communication packets)
2026-05-22 23:05:46 11 [Warning] Aborted connection 11 to db: 'unconnected' user: 'unauthenticated' host: 'localhost' (This connection closed normally without authentication)
2026-05-22 23:05:48 12 [Warning] Aborted connection 12 to db: 'unconnected' user: 'unauthenticated' host: 'localhost' (Got an error reading communication packets)
2026-05-22 23:05:48 12 [Warning] Aborted connection 12 to db: 'unconnected' user: 'unauthenticated' host: 'localhost' (This connection closed normally without authentication)
2026-05-22 23:05:50 13 [Warning] Aborted connection 13 to db: 'unconnected' user: 'unauthenticated' host: 'localhost' (Got an error reading communication packets)
2026-05-22 23:05:50 13 [Warning] Aborted connection 13 to db: 'unconnected' user: 'unauthenticated' host: 'localhost' (This connection closed normally without authentication)
2026-05-22 23:05:52 14 [Warning] Aborted connection 14 to db: 'unconnected' user: 'unauthenticated' host: 'localhost' (Got an error reading communication packets)
2026-05-22 23:05:52 14 [Warning] Aborted connection 14 to db: 'unconnected' user: 'unauthenticated' host: 'localhost' (This connection closed normally without authentication)
2026-05-22 23:05:54 15 [Warning] Aborted connection 15 to db: 'unconnected' user: 'unauthenticated' host: 'localhost' (Got an error reading communication packets)
2026-05-22 23:05:54 15 [Warning] Aborted connection 15 to db: 'unconnected' user: 'unauthenticated' host: 'localhost' (This connection closed normally without authentication)
2026-05-22 23:05:56 16 [Warning] Aborted connection 16 to db: 'unconnected' user: 'unauthenticated' host: 'localhost' (Got an error reading communication packets)
2026-05-22 23:05:56 16 [Warning] Aborted connection 16 to db: 'unconnected' user: 'unauthenticated' host: 'localhost' (This connection closed normally without authentication)
2026-05-22 23:05:59 19 [Warning] Aborted connection 19 to db: 'unconnected' user: 'unauthenticated' host: 'localhost' (Got an error reading communication packets)
2026-05-22 23:05:59 19 [Warning] Aborted connection 19 to db: 'unconnected' user: 'unauthenticated' host: 'localhost' (This connection closed normally without authentication)
2026-05-22 23:06:01 28 [Warning] Aborted connection 28 to db: 'unconnected' user: 'unauthenticated' host: 'localhost' (Got an error reading communication packets)
2026-05-22 23:06:01 28 [Warning] Aborted connection 28 to db: 'unconnected' user: 'unauthenticated' host: 'localhost' (This connection closed normally without authentication)
2026-05-22 23:06:03 31 [Warning] Aborted connection 31 to db: 'unconnected' user: 'unauthenticated' host: 'localhost' (Got an error reading communication packets)
2026-05-22 23:06:03 31 [Warning] Aborted connection 31 to db: 'unconnected' user: 'unauthenticated' host: 'localhost' (This connection closed normally without authentication)
2026-05-22 23:06:05 32 [Warning] Aborted connection 32 to db: 'unconnected' user: 'unauthenticated' host: 'localhost' (Got an error reading communication packets)
2026-05-22 23:06:05 32 [Warning] Aborted connection 32 to db: 'unconnected' user: 'unauthenticated' host: 'localhost' (This connection closed normally without authentication)
2026-05-22 23:06:07 33 [Warning] Aborted connection 33 to db: 'unconnected' user: 'unauthenticated' host: 'localhost' (Got an error reading communication packets)
2026-05-22 23:06:07 33 [Warning] Aborted connection 33 to db: 'unconnected' user: 'unauthenticated' host: 'localhost' (This connection closed normally without authentication)
2026-05-22 23:06:09 34 [Warning] Aborted connection 34 to db: 'unconnected' user: 'unauthenticated' host: 'localhost' (Got an error reading communication packets)
2026-05-22 23:06:09 34 [Warning] Aborted connection 34 to db: 'unconnected' user: 'unauthenticated' host: 'localhost' (This connection closed normally without authentication)
2026-05-22 23:06:11 35 [Warning] Aborted connection 35 to db: 'unconnected' user: 'unauthenticated' host: 'localhost' (Got an error reading communication packets)
2026-05-22 23:06:11 35 [Warning] Aborted connection 35 to db: 'unconnected' user: 'unauthenticated' host: 'localhost' (This connection closed normally without authentication)
2026-05-22 23:06:13 36 [Warning] Aborted connection 36 to db: 'unconnected' user: 'unauthenticated' host: 'localhost' (Got an error reading communication packets)
2026-05-22 23:06:13 36 [Warning] Aborted connection 36 to db: 'unconnected' user: 'unauthenticated' host: 'localhost' (This connection closed normally without authentication)
2026-05-22 23:06:15 37 [Warning] Aborted connection 37 to db: 'unconnected' user: 'unauthenticated' host: 'localhost' (Got an error reading communication packets)
2026-05-22 23:06:15 37 [Warning] Aborted connection 37 to db: 'unconnected' user: 'unauthenticated' host: 'localhost' (This connection closed normally without authentication)
2026-05-22 23:06:17 38 [Warning] Aborted connection 38 to db: 'unconnected' user: 'unauthenticated' host: 'localhost' (Got an error reading communication packets)
2026-05-22 23:06:17 38 [Warning] Aborted connection 38 to db: 'unconnected' user: 'unauthenticated' host: 'localhost' (This connection closed normally without authentication)
2026-05-22 23:06:19 39 [Warning] Aborted connection 39 to db: 'unconnected' user: 'unauthenticated' host: 'localhost' (Got an error reading communication packets)
2026-05-22 23:06:19 39 [Warning] Aborted connection 39 to db: 'unconnected' user: 'unauthenticated' host: 'localhost' (This connection closed normally without authentication)
2026-05-22 23:06:19 40 [Warning] Aborted connection 40 to db: 'unconnected' user: 'unauthenticated' host: 'localhost' (Got an error reading communication packets)
2026-05-22 23:06:19 40 [Warning] Aborted connection 40 to db: 'unconnected' user: 'unauthenticated' host: 'localhost' (This connection closed normally without authentication)
2026-05-22 23:06:21 41 [Warning] Aborted connection 41 to db: 'unconnected' user: 'unauthenticated' host: 'localhost' (Got an error reading communication packets)
2026-05-22 23:06:21 41 [Warning] Aborted connection 41 to db: 'unconnected' user: 'unauthenticated' host: 'localhost' (This connection closed normally without authentication)
2026-05-22 23:06:22 0 [Note] C:\Users\YK\Desktop\winphp\bin\mysql\bin\mysqld.exe (initiated by: root[root] @ localhost [127.0.0.1]): Normal shutdown
2026-05-22 23:06:22 0 [Note] InnoDB: FTS optimize thread exiting.
2026-05-22 23:06:22 0 [Note] InnoDB: Starting shutdown...
2026-05-22 23:06:22 0 [Note] InnoDB: Dumping buffer pool(s) to C:\Users\YK\Desktop\winphp\bin\mysql\data\ib_buffer_pool
2026-05-22 23:06:22 0 [Note] InnoDB: Buffer pool(s) dump completed at 260522 23:06:22
2026-05-22 23:06:22 0 [Note] InnoDB: Removed temporary tablespace data file: "./ibtmp1"
2026-05-22 23:06:22 0 [Note] InnoDB: Shutdown completed; log sequence number 46996; transaction id 15
2026-05-22 23:06:22 0 [Note] C:\Users\YK\Desktop\winphp\bin\mysql\bin\mysqld.exe: Shutdown complete

2026-05-22 23:06:39 0 [Note] Starting MariaDB 10.11.8-MariaDB source revision 3a069644682e336e445039e48baae9693f9a08ee as process 12728
2026-05-22 23:06:39 0 [Note] InnoDB: Compressed tables use zlib 1.3.1
2026-05-22 23:06:39 0 [Note] InnoDB: Number of transaction pools: 1
2026-05-22 23:06:39 0 [Note] InnoDB: Using crc32 + pclmulqdq instructions
2026-05-22 23:06:39 0 [Note] InnoDB: Initializing buffer pool, total size = 128.000MiB, chunk size = 2.000MiB
2026-05-22 23:06:39 0 [Note] InnoDB: Completed initialization of buffer pool
2026-05-22 23:06:39 0 [Note] InnoDB: File system buffers for log disabled (block size=4096 bytes)
2026-05-22 23:06:39 0 [Note] InnoDB: End of log at LSN=46996
2026-05-22 23:06:39 0 [Note] InnoDB: 128 rollback segments are active.
2026-05-22 23:06:39 0 [Note] InnoDB: Setting file './ibtmp1' size to 12.000MiB. Physically writing the file full; Please wait ...
2026-05-22 23:06:39 0 [Note] InnoDB: File './ibtmp1' size is now 12.000MiB.
2026-05-22 23:06:39 0 [Note] InnoDB: log sequence number 46996; transaction id 14
2026-05-22 23:06:39 0 [Note] InnoDB: Loading buffer pool(s) from C:\Users\YK\Desktop\winphp\bin\mysql\data\ib_buffer_pool
2026-05-22 23:06:39 0 [Note] Plugin 'FEEDBACK' is disabled.
2026-05-22 23:06:39 0 [Note] mysqld.exe: SSPI: using principal name 'localhost', mech 'Negotiate'
2026-05-22 23:06:39 0 [Note] InnoDB: Buffer pool(s) load completed at 260522 23:06:39
2026-05-22 23:06:39 0 [Note] Server socket created on IP: '127.0.0.1'.
2026-05-22 23:06:39 0 [Note] C:\Users\YK\Desktop\winphp\bin\mysql\bin\mysqld.exe: ready for connections.
Version: '10.11.8-MariaDB'  socket: ''  port: 3306  mariadb.org binary distribution
2026-05-22 23:06:39 3 [Warning] Aborted connection 3 to db: 'unconnected' user: 'unauthenticated' host: 'localhost' (Got an error reading communication packets)
2026-05-22 23:06:39 3 [Warning] Aborted connection 3 to db: 'unconnected' user: 'unauthenticated' host: 'localhost' (This connection closed normally without authentication)
2026-05-22 23:06:39 4 [Warning] Aborted connection 4 to db: 'unconnected' user: 'unauthenticated' host: 'localhost' (Got an error reading communication packets)
2026-05-22 23:06:39 4 [Warning] Aborted connection 4 to db: 'unconnected' user: 'unauthenticated' host: 'localhost' (This connection closed normally without authentication)
2026-05-22 23:06:41 5 [Warning] Aborted connection 5 to db: 'unconnected' user: 'unauthenticated' host: 'localhost' (Got an error reading communication packets)
2026-05-22 23:06:41 5 [Warning] Aborted connection 5 to db: 'unconnected' user: 'unauthenticated' host: 'localhost' (This connection closed normally without authentication)
2026-05-22 23:06:43 6 [Warning] Aborted connection 6 to db: 'unconnected' user: 'unauthenticated' host: 'localhost' (Got an error reading communication packets)
2026-05-22 23:06:43 6 [Warning] Aborted connection 6 to db: 'unconnected' user: 'unauthenticated' host: 'localhost' (This connection closed normally without authentication)
2026-05-22 23:06:45 7 [Warning] Aborted connection 7 to db: 'unconnected' user: 'unauthenticated' host: 'localhost' (Got an error reading communication packets)
2026-05-22 23:06:45 7 [Warning] Aborted connection 7 to db: 'unconnected' user: 'unauthenticated' host: 'localhost' (This connection closed normally without authentication)
2026-05-22 23:06:46 8 [Warning] Aborted connection 8 to db: 'unconnected' user: 'unauthenticated' host: 'localhost' (Got an error reading communication packets)
2026-05-22 23:06:46 8 [Warning] Aborted connection 8 to db: 'unconnected' user: 'unauthenticated' host: 'localhost' (This connection closed normally without authentication)
2026-05-22 23:06:48 9 [Warning] Aborted connection 9 to db: 'unconnected' user: 'unauthenticated' host: 'localhost' (Got an error reading communication packets)
2026-05-22 23:06:48 9 [Warning] Aborted connection 9 to db: 'unconnected' user: 'unauthenticated' host: 'localhost' (This connection closed normally without authentication)
2026-05-22 23:06:51 10 [Warning] Aborted connection 10 to db: 'unconnected' user: 'unauthenticated' host: 'localhost' (Got an error reading communication packets)
2026-05-22 23:06:51 10 [Warning] Aborted connection 10 to db: 'unconnected' user: 'unauthenticated' host: 'localhost' (This connection closed normally without authentication)
2026-05-22 23:06:52 11 [Warning] Aborted connection 11 to db: 'unconnected' user: 'unauthenticated' host: 'localhost' (Got an error reading communication packets)
2026-05-22 23:06:52 11 [Warning] Aborted connection 11 to db: 'unconnected' user: 'unauthenticated' host: 'localhost' (This connection closed normally without authentication)
2026-05-22 23:06:55 0 [Note] C:\Users\YK\Desktop\winphp\bin\mysql\bin\mysqld.exe (initiated by: root[root] @ localhost [127.0.0.1]): Normal shutdown
2026-05-22 23:06:55 0 [Note] InnoDB: FTS optimize thread exiting.
2026-05-22 23:06:55 0 [Note] InnoDB: Starting shutdown...
2026-05-22 23:06:55 0 [Note] InnoDB: Dumping buffer pool(s) to C:\Users\YK\Desktop\winphp\bin\mysql\data\ib_buffer_pool
2026-05-22 23:06:55 0 [Note] InnoDB: Buffer pool(s) dump completed at 260522 23:06:55
2026-05-22 23:06:55 0 [Note] InnoDB: Removed temporary tablespace data file: "./ibtmp1"
2026-05-22 23:06:55 0 [Note] InnoDB: Shutdown completed; log sequence number 46996; transaction id 15
2026-05-22 23:06:55 0 [Note] C:\Users\YK\Desktop\winphp\bin\mysql\bin\mysqld.exe: Shutdown complete

2026-05-22 23:11:18 0 [Note] Starting MariaDB 10.11.8-MariaDB source revision 3a069644682e336e445039e48baae9693f9a08ee as process 13612
2026-05-22 23:11:19 0 [Note] InnoDB: Compressed tables use zlib 1.3.1
2026-05-22 23:11:19 0 [Note] InnoDB: Number of transaction pools: 1
2026-05-22 23:11:19 0 [Note] InnoDB: Using crc32 + pclmulqdq instructions
2026-05-22 23:11:19 0 [Note] InnoDB: Initializing buffer pool, total size = 128.000MiB, chunk size = 2.000MiB
2026-05-22 23:11:19 0 [Note] InnoDB: Completed initialization of buffer pool
2026-05-22 23:11:19 0 [Note] InnoDB: File system buffers for log disabled (block size=4096 bytes)
2026-05-22 23:11:19 0 [Note] InnoDB: End of log at LSN=46996
2026-05-22 23:11:19 0 [Note] InnoDB: 128 rollback segments are active.
2026-05-22 23:11:19 0 [Note] InnoDB: Setting file './ibtmp1' size to 12.000MiB. Physically writing the file full; Please wait ...
2026-05-22 23:11:19 0 [Note] InnoDB: File './ibtmp1' size is now 12.000MiB.
2026-05-22 23:11:19 0 [Note] InnoDB: log sequence number 46996; transaction id 14
2026-05-22 23:11:19 0 [Note] InnoDB: Loading buffer pool(s) from C:\Users\YK\Desktop\winphp\bin\mysql\data\ib_buffer_pool
2026-05-22 23:11:19 0 [Note] Plugin 'FEEDBACK' is disabled.
2026-05-22 23:11:19 0 [Note] mysqld.exe: SSPI: using principal name 'localhost', mech 'Negotiate'
2026-05-22 23:11:19 0 [Note] InnoDB: Buffer pool(s) load completed at 260522 23:11:19
2026-05-22 23:11:19 0 [Note] Server socket created on IP: '127.0.0.1'.
2026-05-22 23:11:19 0 [Note] C:\Users\YK\Desktop\winphp\bin\mysql\bin\mysqld.exe: ready for connections.
Version: '10.11.8-MariaDB'  socket: ''  port: 3306  mariadb.org binary distribution
2026-05-22 23:11:19 3 [Warning] Aborted connection 3 to db: 'unconnected' user: 'unauthenticated' host: 'localhost' (Got an error reading communication packets)
2026-05-22 23:11:19 3 [Warning] Aborted connection 3 to db: 'unconnected' user: 'unauthenticated' host: 'localhost' (This connection closed normally without authentication)
2026-05-22 23:11:19 4 [Warning] Aborted connection 4 to db: 'unconnected' user: 'unauthenticated' host: 'localhost' (Got an error reading communication packets)
2026-05-22 23:11:19 4 [Warning] Aborted connection 4 to db: 'unconnected' user: 'unauthenticated' host: 'localhost' (This connection closed normally without authentication)
2026-05-22 23:11:21 5 [Warning] Aborted connection 5 to db: 'unconnected' user: 'unauthenticated' host: 'localhost' (Got an error reading communication packets)
2026-05-22 23:11:21 5 [Warning] Aborted connection 5 to db: 'unconnected' user: 'unauthenticated' host: 'localhost' (This connection closed normally without authentication)
2026-05-22 23:11:24 6 [Warning] Aborted connection 6 to db: 'unconnected' user: 'unauthenticated' host: 'localhost' (Got an error reading communication packets)
2026-05-22 23:11:24 6 [Warning] Aborted connection 6 to db: 'unconnected' user: 'unauthenticated' host: 'localhost' (This connection closed normally without authentication)
2026-05-22 23:11:26 7 [Warning] Aborted connection 7 to db: 'unconnected' user: 'unauthenticated' host: 'localhost' (Got an error reading communication packets)
2026-05-22 23:11:26 7 [Warning] Aborted connection 7 to db: 'unconnected' user: 'unauthenticated' host: 'localhost' (This connection closed normally without authentication)
2026-05-22 23:11:28 8 [Warning] Aborted connection 8 to db: 'unconnected' user: 'unauthenticated' host: 'localhost' (Got an error reading communication packets)
2026-05-22 23:11:28 8 [Warning] Aborted connection 8 to db: 'unconnected' user: 'unauthenticated' host: 'localhost' (This connection closed normally without authentication)
2026-05-22 23:11:31 9 [Warning] Aborted connection 9 to db: 'unconnected' user: 'unauthenticated' host: 'localhost' (Got an error reading communication packets)
2026-05-22 23:11:31 9 [Warning] Aborted connection 9 to db: 'unconnected' user: 'unauthenticated' host: 'localhost' (This connection closed normally without authentication)
2026-05-22 23:11:33 10 [Warning] Aborted connection 10 to db: 'unconnected' user: 'unauthenticated' host: 'localhost' (Got an error reading communication packets)
2026-05-22 23:11:33 10 [Warning] Aborted connection 10 to db: 'unconnected' user: 'unauthenticated' host: 'localhost' (This connection closed normally without authentication)
2026-05-22 23:11:35 11 [Warning] Aborted connection 11 to db: 'unconnected' user: 'unauthenticated' host: 'localhost' (Got an error reading communication packets)
2026-05-22 23:11:35 11 [Warning] Aborted connection 11 to db: 'unconnected' user: 'unauthenticated' host: 'localhost' (This connection closed normally without authentication)
2026-05-22 23:11:38 12 [Warning] Aborted connection 12 to db: 'unconnected' user: 'unauthenticated' host: 'localhost' (Got an error reading communication packets)
2026-05-22 23:11:38 12 [Warning] Aborted connection 12 to db: 'unconnected' user: 'unauthenticated' host: 'localhost' (This connection closed normally without authentication)
2026-05-22 23:11:40 13 [Warning] Aborted connection 13 to db: 'unconnected' user: 'unauthenticated' host: 'localhost' (Got an error reading communication packets)
2026-05-22 23:11:40 13 [Warning] Aborted connection 13 to db: 'unconnected' user: 'unauthenticated' host: 'localhost' (This connection closed normally without authentication)
2026-05-22 23:11:42 14 [Warning] Aborted connection 14 to db: 'unconnected' user: 'unauthenticated' host: 'localhost' (Got an error reading communication packets)
2026-05-22 23:11:42 14 [Warning] Aborted connection 14 to db: 'unconnected' user: 'unauthenticated' host: 'localhost' (This connection closed normally without authentication)
2026-05-22 23:11:44 15 [Warning] Aborted connection 15 to db: 'unconnected' user: 'unauthenticated' host: 'localhost' (Got an error reading communication packets)
2026-05-22 23:11:44 15 [Warning] Aborted connection 15 to db: 'unconnected' user: 'unauthenticated' host: 'localhost' (This connection closed normally without authentication)
2026-05-22 23:11:47 16 [Warning] Aborted connection 16 to db: 'unconnected' user: 'unauthenticated' host: 'localhost' (Got an error reading communication packets)
2026-05-22 23:11:47 16 [Warning] Aborted connection 16 to db: 'unconnected' user: 'unauthenticated' host: 'localhost' (This connection closed normally without authentication)
2026-05-22 23:11:49 17 [Warning] Aborted connection 17 to db: 'unconnected' user: 'unauthenticated' host: 'localhost' (Got an error reading communication packets)
2026-05-22 23:11:49 17 [Warning] Aborted connection 17 to db: 'unconnected' user: 'unauthenticated' host: 'localhost' (This connection closed normally without authentication)
2026-05-22 23:11:51 18 [Warning] Aborted connection 18 to db: 'unconnected' user: 'unauthenticated' host: 'localhost' (Got an error reading communication packets)
2026-05-22 23:11:51 18 [Warning] Aborted connection 18 to db: 'unconnected' user: 'unauthenticated' host: 'localhost' (This connection closed normally without authentication)
2026-05-22 23:11:54 19 [Warning] Aborted connection 19 to db: 'unconnected' user: 'unauthenticated' host: 'localhost' (Got an error reading communication packets)
2026-05-22 23:11:54 19 [Warning] Aborted connection 19 to db: 'unconnected' user: 'unauthenticated' host: 'localhost' (This connection closed normally without authentication)
2026-05-22 23:11:56 20 [Warning] Aborted connection 20 to db: 'unconnected' user: 'unauthenticated' host: 'localhost' (Got an error reading communication packets)
2026-05-22 23:11:56 20 [Warning] Aborted connection 20 to db: 'unconnected' user: 'unauthenticated' host: 'localhost' (This connection closed normally without authentication)
2026-05-22 23:11:58 21 [Warning] Aborted connection 21 to db: 'unconnected' user: 'unauthenticated' host: 'localhost' (Got an error reading communication packets)
2026-05-22 23:11:58 21 [Warning] Aborted connection 21 to db: 'unconnected' user: 'unauthenticated' host: 'localhost' (This connection closed normally without authentication)
2026-05-22 23:12:01 22 [Warning] Aborted connection 22 to db: 'unconnected' user: 'unauthenticated' host: 'localhost' (Got an error reading communication packets)
2026-05-22 23:12:01 22 [Warning] Aborted connection 22 to db: 'unconnected' user: 'unauthenticated' host: 'localhost' (This connection closed normally without authentication)
2026-05-22 23:12:03 23 [Warning] Aborted connection 23 to db: 'unconnected' user: 'unauthenticated' host: 'localhost' (Got an error reading communication packets)
2026-05-22 23:12:03 23 [Warning] Aborted connection 23 to db: 'unconnected' user: 'unauthenticated' host: 'localhost' (This connection closed normally without authentication)
2026-05-22 23:12:05 24 [Warning] Aborted connection 24 to db: 'unconnected' user: 'unauthenticated' host: 'localhost' (Got an error reading communication packets)
2026-05-22 23:12:05 24 [Warning] Aborted connection 24 to db: 'unconnected' user: 'unauthenticated' host: 'localhost' (This connection closed normally without authentication)
2026-05-22 23:12:08 25 [Warning] Aborted connection 25 to db: 'unconnected' user: 'unauthenticated' host: 'localhost' (Got an error reading communication packets)
2026-05-22 23:12:08 25 [Warning] Aborted connection 25 to db: 'unconnected' user: 'unauthenticated' host: 'localhost' (This connection closed normally without authentication)
2026-05-22 23:12:10 26 [Warning] Aborted connection 26 to db: 'unconnected' user: 'unauthenticated' host: 'localhost' (Got an error reading communication packets)
2026-05-22 23:12:10 26 [Warning] Aborted connection 26 to db: 'unconnected' user: 'unauthenticated' host: 'localhost' (This connection closed normally without authentication)
2026-05-22 23:12:12 27 [Warning] Aborted connection 27 to db: 'unconnected' user: 'unauthenticated' host: 'localhost' (Got an error reading communication packets)
2026-05-22 23:12:12 27 [Warning] Aborted connection 27 to db: 'unconnected' user: 'unauthenticated' host: 'localhost' (This connection closed normally without authentication)
2026-05-22 23:12:15 28 [Warning] Aborted connection 28 to db: 'unconnected' user: 'unauthenticated' host: 'localhost' (Got an error reading communication packets)
2026-05-22 23:12:15 28 [Warning] Aborted connection 28 to db: 'unconnected' user: 'unauthenticated' host: 'localhost' (This connection closed normally without authentication)
2026-05-22 23:12:17 29 [Warning] Aborted connection 29 to db: 'unconnected' user: 'unauthenticated' host: 'localhost' (Got an error reading communication packets)
2026-05-22 23:12:17 29 [Warning] Aborted connection 29 to db: 'unconnected' user: 'unauthenticated' host: 'localhost' (This connection closed normally without authentication)
2026-05-22 23:12:19 30 [Warning] Aborted connection 30 to db: 'unconnected' user: 'unauthenticated' host: 'localhost' (Got an error reading communication packets)
2026-05-22 23:12:19 30 [Warning] Aborted connection 30 to db: 'unconnected' user: 'unauthenticated' host: 'localhost' (This connection closed normally without authentication)
2026-05-22 23:12:22 31 [Warning] Aborted connection 31 to db: 'unconnected' user: 'unauthenticated' host: 'localhost' (Got an error reading communication packets)
2026-05-22 23:12:22 31 [Warning] Aborted connection 31 to db: 'unconnected' user: 'unauthenticated' host: 'localhost' (This connection closed normally without authentication)
2026-05-22 23:12:24 32 [Warning] Aborted connection 32 to db: 'unconnected' user: 'unauthenticated' host: 'localhost' (Got an error reading communication packets)
2026-05-22 23:12:24 32 [Warning] Aborted connection 32 to db: 'unconnected' user: 'unauthenticated' host: 'localhost' (This connection closed normally without authentication)
2026-05-22 23:12:26 33 [Warning] Aborted connection 33 to db: 'unconnected' user: 'unauthenticated' host: 'localhost' (Got an error reading communication packets)
2026-05-22 23:12:26 33 [Warning] Aborted connection 33 to db: 'unconnected' user: 'unauthenticated' host: 'localhost' (This connection closed normally without authentication)
2026-05-22 23:12:29 34 [Warning] Aborted connection 34 to db: 'unconnected' user: 'unauthenticated' host: 'localhost' (Got an error reading communication packets)
2026-05-22 23:12:29 34 [Warning] Aborted connection 34 to db: 'unconnected' user: 'unauthenticated' host: 'localhost' (This connection closed normally without authentication)
2026-05-22 23:12:31 35 [Warning] Aborted connection 35 to db: 'unconnected' user: 'unauthenticated' host: 'localhost' (Got an error reading communication packets)
2026-05-22 23:12:31 35 [Warning] Aborted connection 35 to db: 'unconnected' user: 'unauthenticated' host: 'localhost' (This connection closed normally without authentication)
2026-05-22 23:12:33 36 [Warning] Aborted connection 36 to db: 'unconnected' user: 'unauthenticated' host: 'localhost' (Got an error reading communication packets)
2026-05-22 23:12:33 36 [Warning] Aborted connection 36 to db: 'unconnected' user: 'unauthenticated' host: 'localhost' (This connection closed normally without authentication)
2026-05-22 23:12:36 37 [Warning] Aborted connection 37 to db: 'unconnected' user: 'unauthenticated' host: 'localhost' (Got an error reading communication packets)
2026-05-22 23:12:36 37 [Warning] Aborted connection 37 to db: 'unconnected' user: 'unauthenticated' host: 'localhost' (This connection closed normally without authentication)
2026-05-22 23:12:38 38 [Warning] Aborted connection 38 to db: 'unconnected' user: 'unauthenticated' host: 'localhost' (Got an error reading communication packets)
2026-05-22 23:12:38 38 [Warning] Aborted connection 38 to db: 'unconnected' user: 'unauthenticated' host: 'localhost' (This connection closed normally without authentication)
2026-05-22 23:12:40 39 [Warning] Aborted connection 39 to db: 'unconnected' user: 'unauthenticated' host: 'localhost' (Got an error reading communication packets)
2026-05-22 23:12:40 39 [Warning] Aborted connection 39 to db: 'unconnected' user: 'unauthenticated' host: 'localhost' (This connection closed normally without authentication)
2026-05-22 23:15:46 40 [Warning] Aborted connection 40 to db: 'unconnected' user: 'unauthenticated' host: 'localhost' (Got an error reading communication packets)
2026-05-22 23:15:46 40 [Warning] Aborted connection 40 to db: 'unconnected' user: 'unauthenticated' host: 'localhost' (This connection closed normally without authentication)
2026-05-22 23:15:48 41 [Warning] Aborted connection 41 to db: 'unconnected' user: 'unauthenticated' host: 'localhost' (Got an error reading communication packets)
2026-05-22 23:15:48 41 [Warning] Aborted connection 41 to db: 'unconnected' user: 'unauthenticated' host: 'localhost' (This connection closed normally without authentication)
2026-05-22 23:15:50 42 [Warning] Aborted connection 42 to db: 'unconnected' user: 'unauthenticated' host: 'localhost' (Got an error reading communication packets)
2026-05-22 23:15:50 42 [Warning] Aborted connection 42 to db: 'unconnected' user: 'unauthenticated' host: 'localhost' (This connection closed normally without authentication)
2026-05-22 23:15:52 43 [Warning] Aborted connection 43 to db: 'unconnected' user: 'unauthenticated' host: 'localhost' (Got an error reading communication packets)
2026-05-22 23:15:52 43 [Warning] Aborted connection 43 to db: 'unconnected' user: 'unauthenticated' host: 'localhost' (This connection closed normally without authentication)
2026-05-22 23:15:54 44 [Warning] Aborted connection 44 to db: 'unconnected' user: 'unauthenticated' host: 'localhost' (Got an error reading communication packets)
2026-05-22 23:15:54 44 [Warning] Aborted connection 44 to db: 'unconnected' user: 'unauthenticated' host: 'localhost' (This connection closed normally without authentication)
2026-05-22 23:15:57 45 [Warning] Aborted connection 45 to db: 'unconnected' user: 'unauthenticated' host: 'localhost' (Got an error reading communication packets)
2026-05-22 23:15:57 45 [Warning] Aborted connection 45 to db: 'unconnected' user: 'unauthenticated' host: 'localhost' (This connection closed normally without authentication)
2026-05-22 23:15:59 46 [Warning] Aborted connection 46 to db: 'unconnected' user: 'unauthenticated' host: 'localhost' (Got an error reading communication packets)
2026-05-22 23:15:59 46 [Warning] Aborted connection 46 to db: 'unconnected' user: 'unauthenticated' host: 'localhost' (This connection closed normally without authentication)
2026-05-22 23:16:01 47 [Warning] Aborted connection 47 to db: 'unconnected' user: 'unauthenticated' host: 'localhost' (Got an error reading communication packets)
2026-05-22 23:16:01 47 [Warning] Aborted connection 47 to db: 'unconnected' user: 'unauthenticated' host: 'localhost' (This connection closed normally without authentication)
2026-05-22 23:16:03 48 [Warning] Aborted connection 48 to db: 'unconnected' user: 'unauthenticated' host: 'localhost' (Got an error reading communication packets)
2026-05-22 23:16:03 48 [Warning] Aborted connection 48 to db: 'unconnected' user: 'unauthenticated' host: 'localhost' (This connection closed normally without authentication)
2026-05-22 23:16:06 49 [Warning] Aborted connection 49 to db: 'unconnected' user: 'unauthenticated' host: 'localhost' (Got an error reading communication packets)
2026-05-22 23:16:06 49 [Warning] Aborted connection 49 to db: 'unconnected' user: 'unauthenticated' host: 'localhost' (This connection closed normally without authentication)
2026-05-22 23:16:08 50 [Warning] Aborted connection 50 to db: 'unconnected' user: 'unauthenticated' host: 'localhost' (Got an error reading communication packets)
2026-05-22 23:16:08 50 [Warning] Aborted connection 50 to db: 'unconnected' user: 'unauthenticated' host: 'localhost' (This connection closed normally without authentication)
2026-05-22 23:16:10 51 [Warning] Aborted connection 51 to db: 'unconnected' user: 'unauthenticated' host: 'localhost' (Got an error reading communication packets)
2026-05-22 23:16:10 51 [Warning] Aborted connection 51 to db: 'unconnected' user: 'unauthenticated' host: 'localhost' (This connection closed normally without authentication)
2026-05-22 23:16:13 52 [Warning] Aborted connection 52 to db: 'unconnected' user: 'unauthenticated' host: 'localhost' (Got an error reading communication packets)
2026-05-22 23:16:13 52 [Warning] Aborted connection 52 to db: 'unconnected' user: 'unauthenticated' host: 'localhost' (This connection closed normally without authentication)
2026-05-22 23:16:15 53 [Warning] Aborted connection 53 to db: 'unconnected' user: 'unauthenticated' host: 'localhost' (Got an error reading communication packets)
2026-05-22 23:16:15 53 [Warning] Aborted connection 53 to db: 'unconnected' user: 'unauthenticated' host: 'localhost' (This connection closed normally without authentication)
2026-05-22 23:16:17 54 [Warning] Aborted connection 54 to db: 'unconnected' user: 'unauthenticated' host: 'localhost' (Got an error reading communication packets)
2026-05-22 23:16:17 54 [Warning] Aborted connection 54 to db: 'unconnected' user: 'unauthenticated' host: 'localhost' (This connection closed normally without authentication)
2026-05-22 23:16:20 55 [Warning] Aborted connection 55 to db: 'unconnected' user: 'unauthenticated' host: 'localhost' (Got an error reading communication packets)
2026-05-22 23:16:20 55 [Warning] Aborted connection 55 to db: 'unconnected' user: 'unauthenticated' host: 'localhost' (This connection closed normally without authentication)
2026-05-22 23:16:22 56 [Warning] Aborted connection 56 to db: 'unconnected' user: 'unauthenticated' host: 'localhost' (Got an error reading communication packets)
2026-05-22 23:16:22 56 [Warning] Aborted connection 56 to db: 'unconnected' user: 'unauthenticated' host: 'localhost' (This connection closed normally without authentication)
2026-05-22 23:16:24 57 [Warning] Aborted connection 57 to db: 'unconnected' user: 'unauthenticated' host: 'localhost' (Got an error reading communication packets)
2026-05-22 23:16:24 57 [Warning] Aborted connection 57 to db: 'unconnected' user: 'unauthenticated' host: 'localhost' (This connection closed normally without authentication)
2026-05-22 23:16:26 58 [Warning] Aborted connection 58 to db: 'unconnected' user: 'unauthenticated' host: 'localhost' (Got an error reading communication packets)
2026-05-22 23:16:26 58 [Warning] Aborted connection 58 to db: 'unconnected' user: 'unauthenticated' host: 'localhost' (This connection closed normally without authentication)
2026-05-22 23:16:29 59 [Warning] Aborted connection 59 to db: 'unconnected' user: 'unauthenticated' host: 'localhost' (Got an error reading communication packets)
2026-05-22 23:16:29 59 [Warning] Aborted connection 59 to db: 'unconnected' user: 'unauthenticated' host: 'localhost' (This connection closed normally without authentication)
2026-05-22 23:16:31 60 [Warning] Aborted connection 60 to db: 'unconnected' user: 'unauthenticated' host: 'localhost' (Got an error reading communication packets)
2026-05-22 23:16:31 60 [Warning] Aborted connection 60 to db: 'unconnected' user: 'unauthenticated' host: 'localhost' (This connection closed normally without authentication)
2026-05-22 23:16:33 61 [Warning] Aborted connection 61 to db: 'unconnected' user: 'unauthenticated' host: 'localhost' (Got an error reading communication packets)
2026-05-22 23:16:33 61 [Warning] Aborted connection 61 to db: 'unconnected' user: 'unauthenticated' host: 'localhost' (This connection closed normally without authentication)
2026-05-22 23:16:36 62 [Warning] Aborted connection 62 to db: 'unconnected' user: 'unauthenticated' host: 'localhost' (Got an error reading communication packets)
2026-05-22 23:16:36 62 [Warning] Aborted connection 62 to db: 'unconnected' user: 'unauthenticated' host: 'localhost' (This connection closed normally without authentication)
2026-05-22 23:16:38 63 [Warning] Aborted connection 63 to db: 'unconnected' user: 'unauthenticated' host: 'localhost' (Got an error reading communication packets)
2026-05-22 23:16:38 63 [Warning] Aborted connection 63 to db: 'unconnected' user: 'unauthenticated' host: 'localhost' (This connection closed normally without authentication)
2026-05-22 23:16:40 64 [Warning] Aborted connection 64 to db: 'unconnected' user: 'unauthenticated' host: 'localhost' (Got an error reading communication packets)
2026-05-22 23:16:40 64 [Warning] Aborted connection 64 to db: 'unconnected' user: 'unauthenticated' host: 'localhost' (This connection closed normally without authentication)
2026-05-22 23:16:42 65 [Warning] Aborted connection 65 to db: 'unconnected' user: 'unauthenticated' host: 'localhost' (Got an error reading communication packets)
2026-05-22 23:16:42 65 [Warning] Aborted connection 65 to db: 'unconnected' user: 'unauthenticated' host: 'localhost' (This connection closed normally without authentication)
2026-05-22 23:16:45 66 [Warning] Aborted connection 66 to db: 'unconnected' user: 'unauthenticated' host: 'localhost' (Got an error reading communication packets)
2026-05-22 23:16:45 66 [Warning] Aborted connection 66 to db: 'unconnected' user: 'unauthenticated' host: 'localhost' (This connection closed normally without authentication)
2026-05-22 23:16:47 67 [Warning] Aborted connection 67 to db: 'unconnected' user: 'unauthenticated' host: 'localhost' (Got an error reading communication packets)
2026-05-22 23:16:47 67 [Warning] Aborted connection 67 to db: 'unconnected' user: 'unauthenticated' host: 'localhost' (This connection closed normally without authentication)
2026-05-22 23:16:49 68 [Warning] Aborted connection 68 to db: 'unconnected' user: 'unauthenticated' host: 'localhost' (Got an error reading communication packets)
2026-05-22 23:16:49 68 [Warning] Aborted connection 68 to db: 'unconnected' user: 'unauthenticated' host: 'localhost' (This connection closed normally without authentication)
2026-05-22 23:16:52 69 [Warning] Aborted connection 69 to db: 'unconnected' user: 'unauthenticated' host: 'localhost' (Got an error reading communication packets)
2026-05-22 23:16:52 69 [Warning] Aborted connection 69 to db: 'unconnected' user: 'unauthenticated' host: 'localhost' (This connection closed normally without authentication)
2026-05-22 23:16:55 70 [Warning] Aborted connection 70 to db: 'unconnected' user: 'unauthenticated' host: 'localhost' (Got an error reading communication packets)
2026-05-22 23:16:55 70 [Warning] Aborted connection 70 to db: 'unconnected' user: 'unauthenticated' host: 'localhost' (This connection closed normally without authentication)
2026-05-22 23:16:57 71 [Warning] Aborted connection 71 to db: 'unconnected' user: 'unauthenticated' host: 'localhost' (Got an error reading communication packets)
2026-05-22 23:16:57 71 [Warning] Aborted connection 71 to db: 'unconnected' user: 'unauthenticated' host: 'localhost' (This connection closed normally without authentication)
2026-05-22 23:16:59 72 [Warning] Aborted connection 72 to db: 'unconnected' user: 'unauthenticated' host: 'localhost' (Got an error reading communication packets)
2026-05-22 23:16:59 72 [Warning] Aborted connection 72 to db: 'unconnected' user: 'unauthenticated' host: 'localhost' (This connection closed normally without authentication)
2026-05-22 23:17:02 73 [Warning] Aborted connection 73 to db: 'unconnected' user: 'unauthenticated' host: 'localhost' (Got an error reading communication packets)
2026-05-22 23:17:02 73 [Warning] Aborted connection 73 to db: 'unconnected' user: 'unauthenticated' host: 'localhost' (This connection closed normally without authentication)
2026-05-22 23:17:05 74 [Warning] Aborted connection 74 to db: 'unconnected' user: 'unauthenticated' host: 'localhost' (Got an error reading communication packets)
2026-05-22 23:17:05 74 [Warning] Aborted connection 74 to db: 'unconnected' user: 'unauthenticated' host: 'localhost' (This connection closed normally without authentication)
2026-05-22 23:17:08 75 [Warning] Aborted connection 75 to db: 'unconnected' user: 'unauthenticated' host: 'localhost' (Got an error reading communication packets)
2026-05-22 23:17:08 75 [Warning] Aborted connection 75 to db: 'unconnected' user: 'unauthenticated' host: 'localhost' (This connection closed normally without authentication)
2026-05-22 23:17:10 76 [Warning] Aborted connection 76 to db: 'unconnected' user: 'unauthenticated' host: 'localhost' (Got an error reading communication packets)
2026-05-22 23:17:10 76 [Warning] Aborted connection 76 to db: 'unconnected' user: 'unauthenticated' host: 'localhost' (This connection closed normally without authentication)
2026-05-22 23:17:13 77 [Warning] Aborted connection 77 to db: 'unconnected' user: 'unauthenticated' host: 'localhost' (Got an error reading communication packets)
2026-05-22 23:17:13 77 [Warning] Aborted connection 77 to db: 'unconnected' user: 'unauthenticated' host: 'localhost' (This connection closed normally without authentication)
2026-05-22 23:17:15 78 [Warning] Aborted connection 78 to db: 'unconnected' user: 'unauthenticated' host: 'localhost' (Got an error reading communication packets)
2026-05-22 23:17:15 78 [Warning] Aborted connection 78 to db: 'unconnected' user: 'unauthenticated' host: 'localhost' (This connection closed normally without authentication)
2026-05-22 23:17:17 79 [Warning] Aborted connection 79 to db: 'unconnected' user: 'unauthenticated' host: 'localhost' (Got an error reading communication packets)
2026-05-22 23:17:17 79 [Warning] Aborted connection 79 to db: 'unconnected' user: 'unauthenticated' host: 'localhost' (This connection closed normally without authentication)
2026-05-22 23:17:20 80 [Warning] Aborted connection 80 to db: 'unconnected' user: 'unauthenticated' host: 'localhost' (Got an error reading communication packets)
2026-05-22 23:17:20 80 [Warning] Aborted connection 80 to db: 'unconnected' user: 'unauthenticated' host: 'localhost' (This connection closed normally without authentication)
2026-05-22 23:17:22 81 [Warning] Aborted connection 81 to db: 'unconnected' user: 'unauthenticated' host: 'localhost' (Got an error reading communication packets)
2026-05-22 23:17:22 81 [Warning] Aborted connection 81 to db: 'unconnected' user: 'unauthenticated' host: 'localhost' (This connection closed normally without authentication)
2026-05-22 23:17:24 82 [Warning] Aborted connection 82 to db: 'unconnected' user: 'unauthenticated' host: 'localhost' (Got an error reading communication packets)
2026-05-22 23:17:24 82 [Warning] Aborted connection 82 to db: 'unconnected' user: 'unauthenticated' host: 'localhost' (This connection closed normally without authentication)
2026-05-22 23:17:27 83 [Warning] Aborted connection 83 to db: 'unconnected' user: 'unauthenticated' host: 'localhost' (Got an error reading communication packets)
2026-05-22 23:17:27 83 [Warning] Aborted connection 83 to db: 'unconnected' user: 'unauthenticated' host: 'localhost' (This connection closed normally without authentication)
2026-05-22 23:17:29 84 [Warning] Aborted connection 84 to db: 'unconnected' user: 'unauthenticated' host: 'localhost' (Got an error reading communication packets)
2026-05-22 23:17:29 84 [Warning] Aborted connection 84 to db: 'unconnected' user: 'unauthenticated' host: 'localhost' (This connection closed normally without authentication)
2026-05-22 23:17:31 85 [Warning] Aborted connection 85 to db: 'unconnected' user: 'unauthenticated' host: 'localhost' (Got an error reading communication packets)
2026-05-22 23:17:31 85 [Warning] Aborted connection 85 to db: 'unconnected' user: 'unauthenticated' host: 'localhost' (This connection closed normally without authentication)
2026-05-22 23:17:33 86 [Warning] Aborted connection 86 to db: 'unconnected' user: 'unauthenticated' host: 'localhost' (Got an error reading communication packets)
2026-05-22 23:17:34 86 [Warning] Aborted connection 86 to db: 'unconnected' user: 'unauthenticated' host: 'localhost' (This connection closed normally without authentication)
2026-05-22 23:17:36 87 [Warning] Aborted connection 87 to db: 'unconnected' user: 'unauthenticated' host: 'localhost' (Got an error reading communication packets)
2026-05-22 23:17:36 87 [Warning] Aborted connection 87 to db: 'unconnected' user: 'unauthenticated' host: 'localhost' (This connection closed normally without authentication)
2026-05-22 23:17:38 88 [Warning] Aborted connection 88 to db: 'unconnected' user: 'unauthenticated' host: 'localhost' (Got an error reading communication packets)
2026-05-22 23:17:38 88 [Warning] Aborted connection 88 to db: 'unconnected' user: 'unauthenticated' host: 'localhost' (This connection closed normally without authentication)
2026-05-22 23:17:40 89 [Warning] Aborted connection 89 to db: 'unconnected' user: 'unauthenticated' host: 'localhost' (Got an error reading communication packets)
2026-05-22 23:17:40 89 [Warning] Aborted connection 89 to db: 'unconnected' user: 'unauthenticated' host: 'localhost' (This connection closed normally without authentication)
2026-05-22 23:17:43 90 [Warning] Aborted connection 90 to db: 'unconnected' user: 'unauthenticated' host: 'localhost' (Got an error reading communication packets)
2026-05-22 23:17:43 90 [Warning] Aborted connection 90 to db: 'unconnected' user: 'unauthenticated' host: 'localhost' (This connection closed normally without authentication)
2026-05-22 23:17:45 91 [Warning] Aborted connection 91 to db: 'unconnected' user: 'unauthenticated' host: 'localhost' (Got an error reading communication packets)
2026-05-22 23:17:45 91 [Warning] Aborted connection 91 to db: 'unconnected' user: 'unauthenticated' host: 'localhost' (This connection closed normally without authentication)
2026-05-22 23:17:47 92 [Warning] Aborted connection 92 to db: 'unconnected' user: 'unauthenticated' host: 'localhost' (Got an error reading communication packets)
2026-05-22 23:17:47 92 [Warning] Aborted connection 92 to db: 'unconnected' user: 'unauthenticated' host: 'localhost' (This connection closed normally without authentication)
2026-05-22 23:17:50 93 [Warning] Aborted connection 93 to db: 'unconnected' user: 'unauthenticated' host: 'localhost' (Got an error reading communication packets)
2026-05-22 23:17:50 93 [Warning] Aborted connection 93 to db: 'unconnected' user: 'unauthenticated' host: 'localhost' (This connection closed normally without authentication)
2026-05-22 23:17:52 94 [Warning] Aborted connection 94 to db: 'unconnected' user: 'unauthenticated' host: 'localhost' (Got an error reading communication packets)
2026-05-22 23:17:52 94 [Warning] Aborted connection 94 to db: 'unconnected' user: 'unauthenticated' host: 'localhost' (This connection closed normally without authentication)
2026-05-22 23:17:54 95 [Warning] Aborted connection 95 to db: 'unconnected' user: 'unauthenticated' host: 'localhost' (Got an error reading communication packets)
2026-05-22 23:17:54 95 [Warning] Aborted connection 95 to db: 'unconnected' user: 'unauthenticated' host: 'localhost' (This connection closed normally without authentication)
2026-05-22 23:17:57 96 [Warning] Aborted connection 96 to db: 'unconnected' user: 'unauthenticated' host: 'localhost' (Got an error reading communication packets)
2026-05-22 23:17:57 96 [Warning] Aborted connection 96 to db: 'unconnected' user: 'unauthenticated' host: 'localhost' (This connection closed normally without authentication)
2026-05-22 23:17:59 97 [Warning] Aborted connection 97 to db: 'unconnected' user: 'unauthenticated' host: 'localhost' (Got an error reading communication packets)
2026-05-22 23:17:59 97 [Warning] Aborted connection 97 to db: 'unconnected' user: 'unauthenticated' host: 'localhost' (This connection closed normally without authentication)
2026-05-22 23:18:01 98 [Warning] Aborted connection 98 to db: 'unconnected' user: 'unauthenticated' host: 'localhost' (Got an error reading communication packets)
2026-05-22 23:18:01 98 [Warning] Aborted connection 98 to db: 'unconnected' user: 'unauthenticated' host: 'localhost' (This connection closed normally without authentication)
2026-05-22 23:18:04 99 [Warning] Aborted connection 99 to db: 'unconnected' user: 'unauthenticated' host: 'localhost' (Got an error reading communication packets)
2026-05-22 23:18:04 99 [Warning] Aborted connection 99 to db: 'unconnected' user: 'unauthenticated' host: 'localhost' (This connection closed normally without authentication)
2026-05-22 23:18:06 100 [Warning] Aborted connection 100 to db: 'unconnected' user: 'unauthenticated' host: 'localhost' (Got an error reading communication packets)
2026-05-22 23:18:06 100 [Warning] Aborted connection 100 to db: 'unconnected' user: 'unauthenticated' host: 'localhost' (This connection closed normally without authentication)
2026-05-22 23:18:08 101 [Warning] Aborted connection 101 to db: 'unconnected' user: 'unauthenticated' host: 'localhost' (Got an error reading communication packets)
2026-05-22 23:18:08 101 [Warning] Aborted connection 101 to db: 'unconnected' user: 'unauthenticated' host: 'localhost' (This connection closed normally without authentication)
2026-05-22 23:18:11 102 [Warning] Aborted connection 102 to db: 'unconnected' user: 'unauthenticated' host: 'localhost' (Got an error reading communication packets)
2026-05-22 23:18:11 102 [Warning] Aborted connection 102 to db: 'unconnected' user: 'unauthenticated' host: 'localhost' (This connection closed normally without authentication)
2026-05-22 23:21:09 103 [Warning] Aborted connection 103 to db: 'unconnected' user: 'unauthenticated' host: 'localhost' (Got an error reading communication packets)
2026-05-22 23:21:09 103 [Warning] Aborted connection 103 to db: 'unconnected' user: 'unauthenticated' host: 'localhost' (This connection closed normally without authentication)
2026-05-22 23:21:12 104 [Warning] Aborted connection 104 to db: 'unconnected' user: 'unauthenticated' host: 'localhost' (Got an error reading communication packets)
2026-05-22 23:21:12 104 [Warning] Aborted connection 104 to db: 'unconnected' user: 'unauthenticated' host: 'localhost' (This connection closed normally without authentication)
2026-05-22 23:21:14 105 [Warning] Aborted connection 105 to db: 'unconnected' user: 'unauthenticated' host: 'localhost' (Got an error reading communication packets)
2026-05-22 23:21:14 105 [Warning] Aborted connection 105 to db: 'unconnected' user: 'unauthenticated' host: 'localhost' (This connection closed normally without authentication)
2026-05-22 23:21:17 106 [Warning] Aborted connection 106 to db: 'unconnected' user: 'unauthenticated' host: 'localhost' (Got an error reading communication packets)
2026-05-22 23:21:17 106 [Warning] Aborted connection 106 to db: 'unconnected' user: 'unauthenticated' host: 'localhost' (This connection closed normally without authentication)
2026-05-22 23:21:20 107 [Warning] Aborted connection 107 to db: 'unconnected' user: 'unauthenticated' host: 'localhost' (Got an error reading communication packets)
2026-05-22 23:21:20 107 [Warning] Aborted connection 107 to db: 'unconnected' user: 'unauthenticated' host: 'localhost' (This connection closed normally without authentication)
2026-05-22 23:21:29 108 [Warning] Aborted connection 108 to db: 'unconnected' user: 'unauthenticated' host: 'localhost' (Got an error reading communication packets)
2026-05-22 23:21:29 108 [Warning] Aborted connection 108 to db: 'unconnected' user: 'unauthenticated' host: 'localhost' (This connection closed normally without authentication)
2026-05-22 23:21:31 109 [Warning] Aborted connection 109 to db: 'unconnected' user: 'unauthenticated' host: 'localhost' (Got an error reading communication packets)
2026-05-22 23:21:31 109 [Warning] Aborted connection 109 to db: 'unconnected' user: 'unauthenticated' host: 'localhost' (This connection closed normally without authentication)
2026-05-22 23:21:34 110 [Warning] Aborted connection 110 to db: 'unconnected' user: 'unauthenticated' host: 'localhost' (Got an error reading communication packets)
2026-05-22 23:21:34 110 [Warning] Aborted connection 110 to db: 'unconnected' user: 'unauthenticated' host: 'localhost' (This connection closed normally without authentication)
2026-05-22 23:21:34 111 [Warning] Aborted connection 111 to db: 'unconnected' user: 'unauthenticated' host: 'localhost' (Got an error reading communication packets)
2026-05-22 23:21:34 111 [Warning] Aborted connection 111 to db: 'unconnected' user: 'unauthenticated' host: 'localhost' (This connection closed normally without authentication)
2026-05-22 23:21:36 112 [Warning] Aborted connection 112 to db: 'unconnected' user: 'unauthenticated' host: 'localhost' (Got an error reading communication packets)
2026-05-22 23:21:36 112 [Warning] Aborted connection 112 to db: 'unconnected' user: 'unauthenticated' host: 'localhost' (This connection closed normally without authentication)
2026-05-22 23:21:36 0 [Note] C:\Users\YK\Desktop\winphp\bin\mysql\bin\mysqld.exe (initiated by: root[root] @ localhost [127.0.0.1]): Normal shutdown
2026-05-22 23:21:36 0 [Note] InnoDB: FTS optimize thread exiting.
2026-05-22 23:21:36 0 [Note] InnoDB: Starting shutdown...
2026-05-22 23:21:36 0 [Note] InnoDB: Dumping buffer pool(s) to C:\Users\YK\Desktop\winphp\bin\mysql\data\ib_buffer_pool
2026-05-22 23:21:36 0 [Note] InnoDB: Buffer pool(s) dump completed at 260522 23:21:36
2026-05-22 23:21:36 0 [Note] InnoDB: Removed temporary tablespace data file: "./ibtmp1"
2026-05-22 23:21:36 0 [Note] InnoDB: Shutdown completed; log sequence number 46996; transaction id 15
2026-05-22 23:21:36 0 [Note] C:\Users\YK\Desktop\winphp\bin\mysql\bin\mysqld.exe: Shutdown complete

